stock,sentiment,timestamp
CIB,-0.296,2026-04-30T01:46:01.383623
CIB,0.0,2026-04-30T01:46:01.388962
CIB,0.0,2026-04-30T01:46:01.394183
CIB,-0.101,2026-04-30T01:46:01.399072
CIB,-0.872,2026-04-30T01:46:01.404307
CIB,-0.5664,2026-04-30T01:46:01.409807
CIB,0.5719,2026-04-30T01:46:01.414927
CIB,0.0516,2026-04-30T01:46:01.420289
CIB,0.4939,2026-04-30T01:46:01.425203
CIB,0.9274,2026-04-30T01:46:01.430173
FAISAL,0.5719,2026-04-30T01:46:02.049785
FAISAL,0.0516,2026-04-30T01:46:02.061655
FAISAL,0.4939,2026-04-30T01:46:02.072189
FAISAL,0.9274,2026-04-30T01:46:02.078942
FAISAL,-0.9231,2026-04-30T01:46:02.085460
FAISAL,0.6705,2026-04-30T01:46:02.091161
FAISAL,0.6486,2026-04-30T01:46:02.097147
FAISAL,0.6361,2026-04-30T01:46:02.102676
HDB,0.5719,2026-04-30T01:46:02.651215
HDB,0.0516,2026-04-30T01:46:02.656826
HDB,0.4939,2026-04-30T01:46:02.662217
HDB,0.9274,2026-04-30T01:46:02.667873
HDB,-0.9231,2026-04-30T01:46:02.673425
HDB,0.6705,2026-04-30T01:46:02.678461
HDB,0.6486,2026-04-30T01:46:02.683663
HDB,0.6361,2026-04-30T01:46:02.689415
ADIB,0.5719,2026-04-30T01:46:03.267601
ADIB,0.0516,2026-04-30T01:46:03.274161
ADIB,0.4939,2026-04-30T01:46:03.280512
ADIB,0.9274,2026-04-30T01:46:03.287135
ADIB,-0.9231,2026-04-30T01:46:03.293460
ADIB,0.6705,2026-04-30T01:46:03.298894
ADIB,0.6486,2026-04-30T01:46:03.304562
ADIB,0.6361,2026-04-30T01:46:03.310796
CIB,-0.296,2026-04-30T01:46:33.901695
CIB,0.0,2026-04-30T01:46:33.923637
CIB,0.0,2026-04-30T01:46:33.939036
CIB,-0.101,2026-04-30T01:46:33.947172
CIB,-0.872,2026-04-30T01:46:33.953751
CIB,-0.5664,2026-04-30T01:46:33.960073
CIB,0.5719,2026-04-30T01:46:33.965736
CIB,0.0516,2026-04-30T01:46:33.971726
CIB,0.4939,2026-04-30T01:46:33.978222
CIB,0.9274,2026-04-30T01:46:33.984918
FAISAL,0.5719,2026-04-30T01:46:34.522180
FAISAL,0.0516,2026-04-30T01:46:34.527236
FAISAL,0.4939,2026-04-30T01:46:34.533648
FAISAL,0.9274,2026-04-30T01:46:34.539245
FAISAL,-0.9231,2026-04-30T01:46:34.544807
FAISAL,0.6705,2026-04-30T01:46:34.550102
FAISAL,0.6486,2026-04-30T01:46:34.554984
FAISAL,0.6361,2026-04-30T01:46:34.560019
HDB,0.5719,2026-04-30T01:46:35.105483
HDB,0.0516,2026-04-30T01:46:35.110600
HDB,0.4939,2026-04-30T01:46:35.116186
HDB,0.9274,2026-04-30T01:46:35.122205
HDB,-0.9231,2026-04-30T01:46:35.127364
HDB,0.6705,2026-04-30T01:46:35.132599
HDB,0.6486,2026-04-30T01:46:35.137735
HDB,0.6361,2026-04-30T01:46:35.142902
ADIB,0.5719,2026-04-30T01:46:35.696133
ADIB,0.0516,2026-04-30T01:46:35.701563
ADIB,0.4939,2026-04-30T01:46:35.706841
ADIB,0.9274,2026-04-30T01:46:35.712314
ADIB,-0.9231,2026-04-30T01:46:35.717291
ADIB,0.6705,2026-04-30T01:46:35.722315
ADIB,0.6486,2026-04-30T01:46:35.727443
ADIB,0.6361,2026-04-30T01:46:35.732604
CIB,-0.296,2026-04-30T01:47:06.367518
CIB,0.0,2026-04-30T01:47:06.373090
CIB,0.0,2026-04-30T01:47:06.378379
CIB,-0.101,2026-04-30T01:47:06.383940
CIB,-0.872,2026-04-30T01:47:06.390128
CIB,-0.5664,2026-04-30T01:47:06.395901
CIB,0.5719,2026-04-30T01:47:06.401608
CIB,0.0516,2026-04-30T01:47:06.407057
CIB,0.4939,2026-04-30T01:47:06.413028
CIB,0.9274,2026-04-30T01:47:06.418645
FAISAL,0.5719,2026-04-30T01:47:06.965947
FAISAL,0.0516,2026-04-30T01:47:06.971904
FAISAL,0.4939,2026-04-30T01:47:06.977211
FAISAL,0.9274,2026-04-30T01:47:06.982809
FAISAL,-0.9231,2026-04-30T01:47:06.988718
FAISAL,0.6705,2026-04-30T01:47:06.994235
FAISAL,0.6486,2026-04-30T01:47:06.999619
FAISAL,0.6361,2026-04-30T01:47:07.004970
HDB,0.5719,2026-04-30T01:47:07.581056
HDB,0.0516,2026-04-30T01:47:07.587010
HDB,0.4939,2026-04-30T01:47:07.592633
HDB,0.9274,2026-04-30T01:47:07.597914
HDB,-0.9231,2026-04-30T01:47:07.602912
HDB,0.6705,2026-04-30T01:47:07.607891
HDB,0.6486,2026-04-30T01:47:07.612902
HDB,0.6361,2026-04-30T01:47:07.617861
ADIB,0.5719,2026-04-30T01:47:08.185878
ADIB,0.0516,2026-04-30T01:47:08.192271
ADIB,0.4939,2026-04-30T01:47:08.198512
ADIB,0.9274,2026-04-30T01:47:08.204468
ADIB,-0.9231,2026-04-30T01:47:08.209953
ADIB,0.6705,2026-04-30T01:47:08.215580
ADIB,0.6486,2026-04-30T01:47:08.221265
ADIB,0.6361,2026-04-30T01:47:08.227426
CIB,-0.296,2026-04-30T01:47:38.828766
CIB,0.0,2026-04-30T01:47:38.834348
CIB,0.0,2026-04-30T01:47:38.840101
CIB,-0.101,2026-04-30T01:47:38.862525
CIB,-0.872,2026-04-30T01:47:38.881059
CIB,-0.5664,2026-04-30T01:47:38.896034
CIB,0.5719,2026-04-30T01:47:38.907680
CIB,0.0516,2026-04-30T01:47:38.918856
CIB,0.4939,2026-04-30T01:47:38.925880
CIB,0.9274,2026-04-30T01:47:38.931796
FAISAL,0.5719,2026-04-30T01:47:39.446104
FAISAL,0.0516,2026-04-30T01:47:39.453267
FAISAL,0.4939,2026-04-30T01:47:39.458394
FAISAL,0.9274,2026-04-30T01:47:39.463448
FAISAL,-0.9231,2026-04-30T01:47:39.468272
FAISAL,0.6705,2026-04-30T01:47:39.472966
FAISAL,0.6486,2026-04-30T01:47:39.477740
FAISAL,0.6361,2026-04-30T01:47:39.482491
HDB,0.5719,2026-04-30T01:47:40.083473
HDB,0.0516,2026-04-30T01:47:40.092229
HDB,0.4939,2026-04-30T01:47:40.097950
HDB,0.9274,2026-04-30T01:47:40.103341
HDB,-0.9231,2026-04-30T01:47:40.114384
HDB,0.6705,2026-04-30T01:47:40.127645
HDB,0.6486,2026-04-30T01:47:40.141806
HDB,0.6361,2026-04-30T01:47:40.153717
ADIB,0.5719,2026-04-30T01:47:40.739302
ADIB,0.0516,2026-04-30T01:47:40.744619
ADIB,0.4939,2026-04-30T01:47:40.749772
ADIB,0.9274,2026-04-30T01:47:40.754769
ADIB,-0.9231,2026-04-30T01:47:40.759931
ADIB,0.6705,2026-04-30T01:47:40.764778
ADIB,0.6486,2026-04-30T01:47:40.769733
ADIB,0.6361,2026-04-30T01:47:40.774732
CIB,-0.296,2026-04-30T01:48:11.317003
CIB,0.0,2026-04-30T01:48:11.322770
CIB,0.0,2026-04-30T01:48:11.328194
CIB,-0.101,2026-04-30T01:48:11.333721
CIB,-0.872,2026-04-30T01:48:11.339059
CIB,-0.5664,2026-04-30T01:48:11.344164
CIB,0.5719,2026-04-30T01:48:11.349272
CIB,0.0516,2026-04-30T01:48:11.354487
CIB,0.4939,2026-04-30T01:48:11.359722
CIB,0.9274,2026-04-30T01:48:11.365239
FAISAL,0.5719,2026-04-30T01:48:11.906952
FAISAL,0.0516,2026-04-30T01:48:11.912381
FAISAL,0.4939,2026-04-30T01:48:11.917643
FAISAL,0.9274,2026-04-30T01:48:11.924205
FAISAL,-0.9231,2026-04-30T01:48:11.930043
FAISAL,0.6705,2026-04-30T01:48:11.935857
FAISAL,0.6486,2026-04-30T01:48:11.941652
FAISAL,0.6361,2026-04-30T01:48:11.947297
HDB,0.5719,2026-04-30T01:48:12.595872
HDB,0.0516,2026-04-30T01:48:12.608672
HDB,0.4939,2026-04-30T01:48:12.620198
HDB,0.9274,2026-04-30T01:48:12.626233
HDB,-0.9231,2026-04-30T01:48:12.631963
HDB,0.6705,2026-04-30T01:48:12.637547
HDB,0.6486,2026-04-30T01:48:12.642650
HDB,0.6361,2026-04-30T01:48:12.647763
ADIB,0.5719,2026-04-30T01:48:13.275570
ADIB,0.0516,2026-04-30T01:48:13.281281
ADIB,0.4939,2026-04-30T01:48:13.286373
ADIB,0.9274,2026-04-30T01:48:13.291568
ADIB,-0.9231,2026-04-30T01:48:13.296595
ADIB,0.6705,2026-04-30T01:48:13.301643
ADIB,0.6486,2026-04-30T01:48:13.306653
ADIB,0.6361,2026-04-30T01:48:13.312134
CIB,-0.296,2026-04-30T01:48:43.881481
CIB,0.0,2026-04-30T01:48:43.886727
CIB,0.0,2026-04-30T01:48:43.891475
CIB,-0.101,2026-04-30T01:48:43.896589
CIB,-0.872,2026-04-30T01:48:43.901683
CIB,-0.5664,2026-04-30T01:48:43.906640
CIB,0.5719,2026-04-30T01:48:43.911784
CIB,0.0516,2026-04-30T01:48:43.916863
CIB,0.4939,2026-04-30T01:48:43.922291
CIB,0.9274,2026-04-30T01:48:43.927877
FAISAL,0.5719,2026-04-30T01:48:44.492884
FAISAL,0.0516,2026-04-30T01:48:44.499325
FAISAL,0.4939,2026-04-30T01:48:44.505033
FAISAL,0.9274,2026-04-30T01:48:44.511337
FAISAL,-0.9231,2026-04-30T01:48:44.516761
FAISAL,0.6705,2026-04-30T01:48:44.521966
FAISAL,0.6486,2026-04-30T01:48:44.527848
FAISAL,0.6361,2026-04-30T01:48:44.533059
HDB,0.5719,2026-04-30T01:48:45.148079
HDB,0.0516,2026-04-30T01:48:45.153900
HDB,0.4939,2026-04-30T01:48:45.160471
HDB,0.9274,2026-04-30T01:48:45.166717
HDB,-0.9231,2026-04-30T01:48:45.172822
HDB,0.6705,2026-04-30T01:48:45.178748
HDB,0.6486,2026-04-30T01:48:45.185945
HDB,0.6361,2026-04-30T01:48:45.196814
ADIB,0.5719,2026-04-30T01:48:45.766639
ADIB,0.0516,2026-04-30T01:48:45.773244
ADIB,0.4939,2026-04-30T01:48:45.779100
ADIB,0.9274,2026-04-30T01:48:45.786157
ADIB,-0.9231,2026-04-30T01:48:45.792070
ADIB,0.6705,2026-04-30T01:48:45.797823
ADIB,0.6486,2026-04-30T01:48:45.803174
ADIB,0.6361,2026-04-30T01:48:45.808553
CIB,-0.296,2026-04-30T01:49:16.359004
CIB,0.0,2026-04-30T01:49:16.364175
CIB,0.0,2026-04-30T01:49:16.369407
CIB,-0.101,2026-04-30T01:49:16.374646
CIB,-0.872,2026-04-30T01:49:16.379634
CIB,-0.5664,2026-04-30T01:49:16.384688
CIB,0.5719,2026-04-30T01:49:16.389635
CIB,0.0516,2026-04-30T01:49:16.394672
CIB,0.4939,2026-04-30T01:49:16.400040
CIB,0.9274,2026-04-30T01:49:16.406144
FAISAL,0.5719,2026-04-30T01:49:16.976384
FAISAL,0.0516,2026-04-30T01:49:16.986146
FAISAL,0.4939,2026-04-30T01:49:16.995176
FAISAL,0.9274,2026-04-30T01:49:17.001424
FAISAL,-0.9231,2026-04-30T01:49:17.006358
FAISAL,0.6705,2026-04-30T01:49:17.011322
FAISAL,0.6486,2026-04-30T01:49:17.016229
FAISAL,0.6361,2026-04-30T01:49:17.021299
HDB,0.5719,2026-04-30T01:49:17.608479
HDB,0.0516,2026-04-30T01:49:17.614639
HDB,0.4939,2026-04-30T01:49:17.620220
HDB,0.9274,2026-04-30T01:49:17.625454
HDB,-0.9231,2026-04-30T01:49:17.630541
HDB,0.6705,2026-04-30T01:49:17.635514
HDB,0.6486,2026-04-30T01:49:17.640620
HDB,0.6361,2026-04-30T01:49:17.645624
ADIB,0.5719,2026-04-30T01:49:18.194053
ADIB,0.0516,2026-04-30T01:49:18.199142
ADIB,0.4939,2026-04-30T01:49:18.204475
ADIB,0.9274,2026-04-30T01:49:18.209773
ADIB,-0.9231,2026-04-30T01:49:18.214760
ADIB,0.6705,2026-04-30T01:49:18.219708
ADIB,0.6486,2026-04-30T01:49:18.224677
ADIB,0.6361,2026-04-30T01:49:18.229682
CIB,-0.296,2026-04-30T01:49:48.864522
CIB,0.0,2026-04-30T01:49:48.874472
CIB,0.0,2026-04-30T01:49:48.885175
CIB,-0.101,2026-04-30T01:49:48.895730
CIB,-0.872,2026-04-30T01:49:48.907258
CIB,-0.5664,2026-04-30T01:49:48.913043
CIB,0.5719,2026-04-30T01:49:48.917985
CIB,0.0516,2026-04-30T01:49:48.922962
CIB,0.4939,2026-04-30T01:49:48.927987
CIB,0.9274,2026-04-30T01:49:48.933029
FAISAL,0.5719,2026-04-30T01:49:49.506679
FAISAL,0.0516,2026-04-30T01:49:49.523393
FAISAL,0.4939,2026-04-30T01:49:49.530548
FAISAL,0.9274,2026-04-30T01:49:49.537531
FAISAL,-0.9231,2026-04-30T01:49:49.543221
FAISAL,0.6705,2026-04-30T01:49:49.548806
FAISAL,0.6486,2026-04-30T01:49:49.554168
FAISAL,0.6361,2026-04-30T01:49:49.559339
HDB,0.5719,2026-04-30T01:49:50.127451
HDB,0.0516,2026-04-30T01:49:50.133648
HDB,0.4939,2026-04-30T01:49:50.140804
HDB,0.9274,2026-04-30T01:49:50.146575
HDB,-0.9231,2026-04-30T01:49:50.151756
HDB,0.6705,2026-04-30T01:49:50.157922
HDB,0.6486,2026-04-30T01:49:50.163045
HDB,0.6361,2026-04-30T01:49:50.168293
ADIB,0.5719,2026-04-30T01:49:50.736195
ADIB,0.0516,2026-04-30T01:49:50.741732
ADIB,0.4939,2026-04-30T01:49:50.747736
ADIB,0.9274,2026-04-30T01:49:50.753026
ADIB,-0.9231,2026-04-30T01:49:50.758375
ADIB,0.6705,2026-04-30T01:49:50.763713
ADIB,0.6486,2026-04-30T01:49:50.769208
ADIB,0.6361,2026-04-30T01:49:50.774346
CIB,-0.296,2026-04-30T01:50:21.763957
CIB,0.0,2026-04-30T01:50:21.770032
CIB,0.0,2026-04-30T01:50:21.776668
CIB,-0.101,2026-04-30T01:50:21.782433
CIB,-0.872,2026-04-30T01:50:21.787889
CIB,-0.5664,2026-04-30T01:50:21.793067
CIB,0.5719,2026-04-30T01:50:21.798209
CIB,0.0516,2026-04-30T01:50:21.803271
CIB,0.4939,2026-04-30T01:50:21.808764
CIB,0.9274,2026-04-30T01:50:21.814111
FAISAL,0.5719,2026-04-30T01:50:22.390690
FAISAL,0.0516,2026-04-30T01:50:22.396197
FAISAL,0.4939,2026-04-30T01:50:22.401506
FAISAL,0.9274,2026-04-30T01:50:22.406923
FAISAL,-0.9231,2026-04-30T01:50:22.412418
FAISAL,0.6705,2026-04-30T01:50:22.417446
FAISAL,0.6486,2026-04-30T01:50:22.422496
FAISAL,0.6361,2026-04-30T01:50:22.427534
HDB,0.5719,2026-04-30T01:50:23.014881
HDB,0.0516,2026-04-30T01:50:23.020745
HDB,0.4939,2026-04-30T01:50:23.026148
HDB,0.9274,2026-04-30T01:50:23.031639
HDB,-0.9231,2026-04-30T01:50:23.037114
HDB,0.6705,2026-04-30T01:50:23.043297
HDB,0.6486,2026-04-30T01:50:23.049518
HDB,0.6361,2026-04-30T01:50:23.055099
ADIB,0.5719,2026-04-30T01:50:23.612584
ADIB,0.0516,2026-04-30T01:50:23.620350
ADIB,0.4939,2026-04-30T01:50:23.627906
ADIB,0.9274,2026-04-30T01:50:23.634188
ADIB,-0.9231,2026-04-30T01:50:23.640006
ADIB,0.6705,2026-04-30T01:50:23.646051
ADIB,0.6486,2026-04-30T01:50:23.651736
ADIB,0.6361,2026-04-30T01:50:23.657488
CIB,-0.296,2026-04-30T01:50:54.448366
CIB,0.0,2026-04-30T01:50:54.454053
CIB,0.0,2026-04-30T01:50:54.459818
CIB,-0.101,2026-04-30T01:50:54.465483
CIB,-0.872,2026-04-30T01:50:54.471122
CIB,-0.5664,2026-04-30T01:50:54.476895
CIB,0.5719,2026-04-30T01:50:54.482543
CIB,0.0516,2026-04-30T01:50:54.488348
CIB,0.4939,2026-04-30T01:50:54.494133
CIB,0.9274,2026-04-30T01:50:54.499877
FAISAL,0.5719,2026-04-30T01:50:55.065144
FAISAL,0.0516,2026-04-30T01:50:55.070454
FAISAL,0.4939,2026-04-30T01:50:55.075784
FAISAL,0.9274,2026-04-30T01:50:55.080973
FAISAL,-0.9231,2026-04-30T01:50:55.085941
FAISAL,0.6705,2026-04-30T01:50:55.090989
FAISAL,0.6486,2026-04-30T01:50:55.096281
FAISAL,0.6361,2026-04-30T01:50:55.101455
HDB,0.5719,2026-04-30T01:50:55.680326
HDB,0.0516,2026-04-30T01:50:55.685518
HDB,0.4939,2026-04-30T01:50:55.690566
HDB,0.9274,2026-04-30T01:50:55.695787
HDB,-0.9231,2026-04-30T01:50:55.700989
HDB,0.6705,2026-04-30T01:50:55.706047
HDB,0.6486,2026-04-30T01:50:55.711182
HDB,0.6361,2026-04-30T01:50:55.716510
ADIB,0.5719,2026-04-30T01:50:56.295011
ADIB,0.0516,2026-04-30T01:50:56.300939
ADIB,0.4939,2026-04-30T01:50:56.306887
ADIB,0.9274,2026-04-30T01:50:56.313115
ADIB,-0.9231,2026-04-30T01:50:56.318510
ADIB,0.6705,2026-04-30T01:50:56.323686
ADIB,0.6486,2026-04-30T01:50:56.329335
ADIB,0.6361,2026-04-30T01:50:56.334438
CIB,-0.296,2026-04-30T01:51:26.950322
CIB,0.0,2026-04-30T01:51:26.955999
CIB,0.0,2026-04-30T01:51:26.961815
CIB,-0.101,2026-04-30T01:51:26.967599
CIB,-0.872,2026-04-30T01:51:26.972845
CIB,-0.5664,2026-04-30T01:51:26.978231
CIB,0.5719,2026-04-30T01:51:26.983513
CIB,0.0516,2026-04-30T01:51:26.988669
CIB,0.4939,2026-04-30T01:51:26.994524
CIB,0.9274,2026-04-30T01:51:27.000069
FAISAL,0.5719,2026-04-30T01:51:27.553920
FAISAL,0.0516,2026-04-30T01:51:27.559054
FAISAL,0.4939,2026-04-30T01:51:27.564210
FAISAL,0.9274,2026-04-30T01:51:27.569293
FAISAL,-0.9231,2026-04-30T01:51:27.574548
FAISAL,0.6705,2026-04-30T01:51:27.579528
FAISAL,0.6486,2026-04-30T01:51:27.584546
FAISAL,0.6361,2026-04-30T01:51:27.589488
HDB,0.5719,2026-04-30T01:51:28.171137
HDB,0.0516,2026-04-30T01:51:28.176657
HDB,0.4939,2026-04-30T01:51:28.183242
HDB,0.9274,2026-04-30T01:51:28.188664
HDB,-0.9231,2026-04-30T01:51:28.194114
HDB,0.6705,2026-04-30T01:51:28.199754
HDB,0.6486,2026-04-30T01:51:28.205361
HDB,0.6361,2026-04-30T01:51:28.210785
ADIB,0.5719,2026-04-30T01:51:28.831905
ADIB,0.0516,2026-04-30T01:51:28.837383
ADIB,0.4939,2026-04-30T01:51:28.843499
ADIB,0.9274,2026-04-30T01:51:28.849697
ADIB,-0.9231,2026-04-30T01:51:28.856565
ADIB,0.6705,2026-04-30T01:51:28.861728
ADIB,0.6486,2026-04-30T01:51:28.866904
ADIB,0.6361,2026-04-30T01:51:28.872106
CIB,-0.296,2026-04-30T01:51:59.414720
CIB,0.0,2026-04-30T01:51:59.420150
CIB,0.0,2026-04-30T01:51:59.425268
CIB,-0.101,2026-04-30T01:51:59.430804
CIB,-0.872,2026-04-30T01:51:59.436391
CIB,-0.5664,2026-04-30T01:51:59.441746
CIB,0.5719,2026-04-30T01:51:59.446779
CIB,0.0516,2026-04-30T01:51:59.452256
CIB,0.4939,2026-04-30T01:51:59.457527
CIB,0.9274,2026-04-30T01:51:59.463091
FAISAL,0.5719,2026-04-30T01:52:00.063605
FAISAL,0.0516,2026-04-30T01:52:00.069414
FAISAL,0.4939,2026-04-30T01:52:00.074629
FAISAL,0.9274,2026-04-30T01:52:00.079876
FAISAL,-0.9231,2026-04-30T01:52:00.084892
FAISAL,0.6705,2026-04-30T01:52:00.089878
FAISAL,0.6486,2026-04-30T01:52:00.094821
FAISAL,0.6361,2026-04-30T01:52:00.099917
HDB,0.5719,2026-04-30T01:52:00.692022
HDB,0.0516,2026-04-30T01:52:00.698743
HDB,0.4939,2026-04-30T01:52:00.703913
HDB,0.9274,2026-04-30T01:52:00.709261
HDB,-0.9231,2026-04-30T01:52:00.714191
HDB,0.6705,2026-04-30T01:52:00.719242
HDB,0.6486,2026-04-30T01:52:00.724250
HDB,0.6361,2026-04-30T01:52:00.729331
ADIB,0.5719,2026-04-30T01:52:01.405205
ADIB,0.0516,2026-04-30T01:52:01.429292
ADIB,0.4939,2026-04-30T01:52:01.447444
ADIB,0.9274,2026-04-30T01:52:01.460600
ADIB,-0.9231,2026-04-30T01:52:01.468159
ADIB,0.6705,2026-04-30T01:52:01.474510
ADIB,0.6486,2026-04-30T01:52:01.480677
ADIB,0.6361,2026-04-30T01:52:01.486310
CIB,-0.296,2026-04-30T01:52:31.968565
CIB,0.0,2026-04-30T01:52:31.973805
CIB,0.0,2026-04-30T01:52:31.979053
CIB,-0.101,2026-04-30T01:52:31.984691
CIB,-0.872,2026-04-30T01:52:31.990257
CIB,-0.5664,2026-04-30T01:52:31.995957
CIB,0.5719,2026-04-30T01:52:32.001444
CIB,0.0516,2026-04-30T01:52:32.006743
CIB,0.4939,2026-04-30T01:52:32.011977
CIB,0.9274,2026-04-30T01:52:32.019072
FAISAL,0.5719,2026-04-30T01:52:32.597006
FAISAL,0.0516,2026-04-30T01:52:32.625602
FAISAL,0.4939,2026-04-30T01:52:32.636714
FAISAL,0.9274,2026-04-30T01:52:32.643006
FAISAL,-0.9231,2026-04-30T01:52:32.648632
FAISAL,0.6705,2026-04-30T01:52:32.654680
FAISAL,0.6486,2026-04-30T01:52:32.660313
FAISAL,0.6361,2026-04-30T01:52:32.665879
HDB,0.5719,2026-04-30T01:52:33.291114
HDB,0.0516,2026-04-30T01:52:33.299773
HDB,0.4939,2026-04-30T01:52:33.308144
HDB,0.9274,2026-04-30T01:52:33.313982
HDB,-0.9231,2026-04-30T01:52:33.319787
HDB,0.6705,2026-04-30T01:52:33.324901
HDB,0.6486,2026-04-30T01:52:33.330084
HDB,0.6361,2026-04-30T01:52:33.335308
ADIB,0.5719,2026-04-30T01:52:33.952524
ADIB,0.0516,2026-04-30T01:52:33.960718
ADIB,0.4939,2026-04-30T01:52:33.965985
ADIB,0.9274,2026-04-30T01:52:33.971069
ADIB,-0.9231,2026-04-30T01:52:33.976091
ADIB,0.6705,2026-04-30T01:52:33.981116
ADIB,0.6486,2026-04-30T01:52:33.986168
ADIB,0.6361,2026-04-30T01:52:33.991115
CIB,-0.296,2026-04-30T01:53:04.590466
CIB,0.0,2026-04-30T01:53:04.597306
CIB,0.0,2026-04-30T01:53:04.602852
CIB,-0.101,2026-04-30T01:53:04.608297
CIB,-0.872,2026-04-30T01:53:04.613590
CIB,-0.5664,2026-04-30T01:53:04.618669
CIB,0.5719,2026-04-30T01:53:04.625281
CIB,0.0516,2026-04-30T01:53:04.631120
CIB,0.4939,2026-04-30T01:53:04.636398
CIB,0.9274,2026-04-30T01:53:04.641652
FAISAL,0.5719,2026-04-30T01:53:05.248486
FAISAL,0.0516,2026-04-30T01:53:05.254512
FAISAL,0.4939,2026-04-30T01:53:05.259593
FAISAL,0.9274,2026-04-30T01:53:05.264800
FAISAL,-0.9231,2026-04-30T01:53:05.269898
FAISAL,0.6705,2026-04-30T01:53:05.274801
FAISAL,0.6486,2026-04-30T01:53:05.279767
FAISAL,0.6361,2026-04-30T01:53:05.284738
HDB,0.5719,2026-04-30T01:53:05.917606
HDB,0.0516,2026-04-30T01:53:05.923100
HDB,0.4939,2026-04-30T01:53:05.928615
HDB,0.9274,2026-04-30T01:53:05.933720
HDB,-0.9231,2026-04-30T01:53:05.938803
HDB,0.6705,2026-04-30T01:53:05.943791
HDB,0.6486,2026-04-30T01:53:05.948764
HDB,0.6361,2026-04-30T01:53:05.953818
ADIB,0.5719,2026-04-30T01:53:06.547041
ADIB,0.0516,2026-04-30T01:53:06.557452
ADIB,0.4939,2026-04-30T01:53:06.562833
ADIB,0.9274,2026-04-30T01:53:06.568466
ADIB,-0.9231,2026-04-30T01:53:06.573530
ADIB,0.6705,2026-04-30T01:53:06.578524
ADIB,0.6486,2026-04-30T01:53:06.583786
ADIB,0.6361,2026-04-30T01:53:06.589042
CIB,-0.296,2026-04-30T01:53:37.203685
CIB,0.0,2026-04-30T01:53:37.215826
CIB,0.0,2026-04-30T01:53:37.221307
CIB,-0.101,2026-04-30T01:53:37.226269
CIB,-0.872,2026-04-30T01:53:37.231500
CIB,-0.5664,2026-04-30T01:53:37.236630
CIB,0.5719,2026-04-30T01:53:37.241809
CIB,0.0516,2026-04-30T01:53:37.247050
CIB,0.4939,2026-04-30T01:53:37.252215
CIB,0.9274,2026-04-30T01:53:37.257780
FAISAL,0.5719,2026-04-30T01:53:37.861951
FAISAL,0.0516,2026-04-30T01:53:37.867653
FAISAL,0.4939,2026-04-30T01:53:37.873012
FAISAL,0.9274,2026-04-30T01:53:37.878199
FAISAL,-0.9231,2026-04-30T01:53:37.883243
FAISAL,0.6705,2026-04-30T01:53:37.888277
FAISAL,0.6486,2026-04-30T01:53:37.893249
FAISAL,0.6361,2026-04-30T01:53:37.898199
HDB,0.5719,2026-04-30T01:53:38.702310
HDB,0.0516,2026-04-30T01:53:38.708270
HDB,0.4939,2026-04-30T01:53:38.713286
HDB,0.9274,2026-04-30T01:53:38.718434
HDB,-0.9231,2026-04-30T01:53:38.723282
HDB,0.6705,2026-04-30T01:53:38.728243
HDB,0.6486,2026-04-30T01:53:38.733107
HDB,0.6361,2026-04-30T01:53:38.738119
ADIB,0.5719,2026-04-30T01:53:39.409045
ADIB,0.0516,2026-04-30T01:53:39.415438
ADIB,0.4939,2026-04-30T01:53:39.420726
ADIB,0.9274,2026-04-30T01:53:39.425998
ADIB,-0.9231,2026-04-30T01:53:39.431016
ADIB,0.6705,2026-04-30T01:53:39.436283
ADIB,0.6486,2026-04-30T01:53:39.442170
ADIB,0.6361,2026-04-30T01:53:39.447523
CIB,-0.296,2026-04-30T01:54:10.057527
CIB,0.0,2026-04-30T01:54:10.063404
CIB,0.0,2026-04-30T01:54:10.068274
CIB,-0.101,2026-04-30T01:54:10.073116
CIB,-0.872,2026-04-30T01:54:10.078262
CIB,-0.5664,2026-04-30T01:54:10.083182
CIB,0.5719,2026-04-30T01:54:10.088184
CIB,0.0516,2026-04-30T01:54:10.093553
CIB,0.4939,2026-04-30T01:54:10.099132
CIB,0.9274,2026-04-30T01:54:10.104383
FAISAL,0.5719,2026-04-30T01:54:10.686159
FAISAL,0.0516,2026-04-30T01:54:10.696772
FAISAL,0.4939,2026-04-30T01:54:10.704095
FAISAL,0.9274,2026-04-30T01:54:10.709312
FAISAL,-0.9231,2026-04-30T01:54:10.714319
FAISAL,0.6705,2026-04-30T01:54:10.719495
FAISAL,0.6486,2026-04-30T01:54:10.724545
FAISAL,0.6361,2026-04-30T01:54:10.729628
HDB,0.5719,2026-04-30T01:54:11.305799
HDB,0.0516,2026-04-30T01:54:11.311632
HDB,0.4939,2026-04-30T01:54:11.316805
HDB,0.9274,2026-04-30T01:54:11.321867
HDB,-0.9231,2026-04-30T01:54:11.326918
HDB,0.6705,2026-04-30T01:54:11.331957
HDB,0.6486,2026-04-30T01:54:11.336910
HDB,0.6361,2026-04-30T01:54:11.342012
ADIB,0.5719,2026-04-30T01:54:11.934543
ADIB,0.0516,2026-04-30T01:54:11.952582
ADIB,0.4939,2026-04-30T01:54:11.962260
ADIB,0.9274,2026-04-30T01:54:11.967490
ADIB,-0.9231,2026-04-30T01:54:11.972703
ADIB,0.6705,2026-04-30T01:54:11.977834
ADIB,0.6486,2026-04-30T01:54:11.982811
ADIB,0.6361,2026-04-30T01:54:11.987847
CIB,-0.296,2026-04-30T01:54:42.578344
CIB,0.0,2026-04-30T01:54:42.587060
CIB,0.0,2026-04-30T01:54:42.595030
CIB,-0.101,2026-04-30T01:54:42.599854
CIB,-0.872,2026-04-30T01:54:42.604506
CIB,-0.5664,2026-04-30T01:54:42.609146
CIB,0.5719,2026-04-30T01:54:42.613796
CIB,0.0516,2026-04-30T01:54:42.618535
CIB,0.4939,2026-04-30T01:54:42.623244
CIB,0.9274,2026-04-30T01:54:42.630245
FAISAL,0.5719,2026-04-30T01:54:43.201004
FAISAL,0.0516,2026-04-30T01:54:43.208323
FAISAL,0.4939,2026-04-30T01:54:43.213212
FAISAL,0.9274,2026-04-30T01:54:43.218055
FAISAL,-0.9231,2026-04-30T01:54:43.222707
FAISAL,0.6705,2026-04-30T01:54:43.227334
FAISAL,0.6486,2026-04-30T01:54:43.231920
FAISAL,0.6361,2026-04-30T01:54:43.236688
HDB,0.5719,2026-04-30T01:54:43.855430
HDB,0.0516,2026-04-30T01:54:43.862054
HDB,0.4939,2026-04-30T01:54:43.866893
HDB,0.9274,2026-04-30T01:54:43.871737
HDB,-0.9231,2026-04-30T01:54:43.876595
HDB,0.6705,2026-04-30T01:54:43.881410
HDB,0.6486,2026-04-30T01:54:43.886137
HDB,0.6361,2026-04-30T01:54:43.890819
ADIB,0.5719,2026-04-30T01:54:44.513971
ADIB,0.0516,2026-04-30T01:54:44.523970
ADIB,0.4939,2026-04-30T01:54:44.529569
ADIB,0.9274,2026-04-30T01:54:44.534512
ADIB,-0.9231,2026-04-30T01:54:44.539295
ADIB,0.6705,2026-04-30T01:54:44.543944
ADIB,0.6486,2026-04-30T01:54:44.548670
ADIB,0.6361,2026-04-30T01:54:44.553430
CIB,-0.296,2026-04-30T01:55:15.153773
CIB,0.0,2026-04-30T01:55:15.159843
CIB,0.0,2026-04-30T01:55:15.164480
CIB,-0.101,2026-04-30T01:55:15.169200
CIB,-0.872,2026-04-30T01:55:15.173959
CIB,-0.5664,2026-04-30T01:55:15.178716
CIB,0.5719,2026-04-30T01:55:15.183344
CIB,0.0516,2026-04-30T01:55:15.188150
CIB,0.4939,2026-04-30T01:55:15.192876
CIB,0.9274,2026-04-30T01:55:15.197754
FAISAL,0.5719,2026-04-30T01:55:15.776114
FAISAL,0.0516,2026-04-30T01:55:15.783113
FAISAL,0.4939,2026-04-30T01:55:15.787870
FAISAL,0.9274,2026-04-30T01:55:15.792774
FAISAL,-0.9231,2026-04-30T01:55:15.797497
FAISAL,0.6705,2026-04-30T01:55:15.802132
FAISAL,0.6486,2026-04-30T01:55:15.806794
FAISAL,0.6361,2026-04-30T01:55:15.811437
HDB,0.5719,2026-04-30T01:55:16.387309
HDB,0.0516,2026-04-30T01:55:16.397215
HDB,0.4939,2026-04-30T01:55:16.402531
HDB,0.9274,2026-04-30T01:55:16.407369
HDB,-0.9231,2026-04-30T01:55:16.412025
HDB,0.6705,2026-04-30T01:55:16.416671
HDB,0.6486,2026-04-30T01:55:16.421356
HDB,0.6361,2026-04-30T01:55:16.425967
ADIB,0.5719,2026-04-30T01:55:17.017994
ADIB,0.0516,2026-04-30T01:55:17.029867
ADIB,0.4939,2026-04-30T01:55:17.040332
ADIB,0.9274,2026-04-30T01:55:17.047471
ADIB,-0.9231,2026-04-30T01:55:17.052107
ADIB,0.6705,2026-04-30T01:55:17.056679
ADIB,0.6486,2026-04-30T01:55:17.061286
ADIB,0.6361,2026-04-30T01:55:17.066077
CIB,-0.296,2026-04-30T01:55:47.686695
CIB,0.0,2026-04-30T01:55:47.691809
CIB,0.0,2026-04-30T01:55:47.696394
CIB,-0.101,2026-04-30T01:55:47.700992
CIB,-0.872,2026-04-30T01:55:47.705579
CIB,-0.5664,2026-04-30T01:55:47.710169
CIB,0.5719,2026-04-30T01:55:47.714823
CIB,0.0516,2026-04-30T01:55:47.719484
CIB,0.4939,2026-04-30T01:55:47.724206
CIB,0.9274,2026-04-30T01:55:47.729025
FAISAL,0.5719,2026-04-30T01:55:48.326824
FAISAL,0.0516,2026-04-30T01:55:48.332214
FAISAL,0.4939,2026-04-30T01:55:48.336986
FAISAL,0.9274,2026-04-30T01:55:48.342292
FAISAL,-0.9231,2026-04-30T01:55:48.347379
FAISAL,0.6705,2026-04-30T01:55:48.352237
FAISAL,0.6486,2026-04-30T01:55:48.356843
FAISAL,0.6361,2026-04-30T01:55:48.361694
HDB,0.5719,2026-04-30T01:55:48.953168
HDB,0.0516,2026-04-30T01:55:48.958889
HDB,0.4939,2026-04-30T01:55:48.963702
HDB,0.9274,2026-04-30T01:55:48.968571
HDB,-0.9231,2026-04-30T01:55:48.973217
HDB,0.6705,2026-04-30T01:55:48.977893
HDB,0.6486,2026-04-30T01:55:48.982506
HDB,0.6361,2026-04-30T01:55:48.987145
ADIB,0.5719,2026-04-30T01:55:49.565104
ADIB,0.0516,2026-04-30T01:55:49.571195
ADIB,0.4939,2026-04-30T01:55:49.575997
ADIB,0.9274,2026-04-30T01:55:49.580860
ADIB,-0.9231,2026-04-30T01:55:49.585552
ADIB,0.6705,2026-04-30T01:55:49.590239
ADIB,0.6486,2026-04-30T01:55:49.594880
ADIB,0.6361,2026-04-30T01:55:49.599543
CIB,-0.296,2026-04-30T01:56:20.320565
CIB,0.0,2026-04-30T01:56:20.327695
CIB,0.0,2026-04-30T01:56:20.332833
CIB,-0.101,2026-04-30T01:56:20.339029
CIB,-0.872,2026-04-30T01:56:20.343699
CIB,-0.5664,2026-04-30T01:56:20.348413
CIB,0.5719,2026-04-30T01:56:20.353083
CIB,0.0516,2026-04-30T01:56:20.357810
CIB,0.4939,2026-04-30T01:56:20.362602
CIB,0.9274,2026-04-30T01:56:20.367374
FAISAL,0.5719,2026-04-30T01:56:20.922060
FAISAL,0.0516,2026-04-30T01:56:20.931732
FAISAL,0.4939,2026-04-30T01:56:20.937106
FAISAL,0.9274,2026-04-30T01:56:20.941892
FAISAL,-0.9231,2026-04-30T01:56:20.946535
FAISAL,0.6705,2026-04-30T01:56:20.951218
FAISAL,0.6486,2026-04-30T01:56:20.955919
FAISAL,0.6361,2026-04-30T01:56:20.960601
HDB,0.5719,2026-04-30T01:56:21.597233
HDB,0.0516,2026-04-30T01:56:21.602302
HDB,0.4939,2026-04-30T01:56:21.607547
HDB,0.9274,2026-04-30T01:56:21.613447
HDB,-0.9231,2026-04-30T01:56:21.618447
HDB,0.6705,2026-04-30T01:56:21.623458
HDB,0.6486,2026-04-30T01:56:21.628390
HDB,0.6361,2026-04-30T01:56:21.633292
ADIB,0.5719,2026-04-30T01:56:22.279754
ADIB,0.0516,2026-04-30T01:56:22.289005
ADIB,0.4939,2026-04-30T01:56:22.295963
ADIB,0.9274,2026-04-30T01:56:22.300714
ADIB,-0.9231,2026-04-30T01:56:22.305399
ADIB,0.6705,2026-04-30T01:56:22.309970
ADIB,0.6486,2026-04-30T01:56:22.314533
ADIB,0.6361,2026-04-30T01:56:22.319118
CIB,-0.296,2026-04-30T01:56:52.958578
CIB,0.0,2026-04-30T01:56:52.968794
CIB,0.0,2026-04-30T01:56:52.974912
CIB,-0.101,2026-04-30T01:56:52.979797
CIB,-0.872,2026-04-30T01:56:52.984826
CIB,-0.5664,2026-04-30T01:56:52.990382
CIB,0.5719,2026-04-30T01:56:52.997926
CIB,0.0516,2026-04-30T01:56:53.003096
CIB,0.4939,2026-04-30T01:56:53.008151
CIB,0.9274,2026-04-30T01:56:53.013220
FAISAL,0.5719,2026-04-30T01:56:53.572204
FAISAL,0.0516,2026-04-30T01:56:53.578518
FAISAL,0.4939,2026-04-30T01:56:53.583404
FAISAL,0.9274,2026-04-30T01:56:53.588293
FAISAL,-0.9231,2026-04-30T01:56:53.592936
FAISAL,0.6705,2026-04-30T01:56:53.597626
FAISAL,0.6486,2026-04-30T01:56:53.602255
FAISAL,0.6361,2026-04-30T01:56:53.606970
HDB,0.5719,2026-04-30T01:56:54.200383
HDB,0.0516,2026-04-30T01:56:54.205737
HDB,0.4939,2026-04-30T01:56:54.210660
HDB,0.9274,2026-04-30T01:56:54.216199
HDB,-0.9231,2026-04-30T01:56:54.221408
HDB,0.6705,2026-04-30T01:56:54.226321
HDB,0.6486,2026-04-30T01:56:54.231608
HDB,0.6361,2026-04-30T01:56:54.237013
ADIB,0.5719,2026-04-30T01:56:54.805812
ADIB,0.0516,2026-04-30T01:56:54.813974
ADIB,0.4939,2026-04-30T01:56:54.818828
ADIB,0.9274,2026-04-30T01:56:54.823558
ADIB,-0.9231,2026-04-30T01:56:54.828103
ADIB,0.6705,2026-04-30T01:56:54.832758
ADIB,0.6486,2026-04-30T01:56:54.837368
ADIB,0.6361,2026-04-30T01:56:54.841994
CIB,-0.296,2026-04-30T01:57:25.483315
CIB,0.0,2026-04-30T01:57:25.490928
CIB,0.0,2026-04-30T01:57:25.496257
CIB,-0.101,2026-04-30T01:57:25.501101
CIB,-0.872,2026-04-30T01:57:25.506051
CIB,-0.5664,2026-04-30T01:57:25.510941
CIB,0.5719,2026-04-30T01:57:25.515991
CIB,0.0516,2026-04-30T01:57:25.520955
CIB,0.4939,2026-04-30T01:57:25.526331
CIB,0.9274,2026-04-30T01:57:25.535753
FAISAL,0.5719,2026-04-30T01:57:26.134719
FAISAL,0.0516,2026-04-30T01:57:26.140842
FAISAL,0.4939,2026-04-30T01:57:26.145689
FAISAL,0.9274,2026-04-30T01:57:26.150592
FAISAL,-0.9231,2026-04-30T01:57:26.155270
FAISAL,0.6705,2026-04-30T01:57:26.159966
FAISAL,0.6486,2026-04-30T01:57:26.164662
FAISAL,0.6361,2026-04-30T01:57:26.169323
HDB,0.5719,2026-04-30T01:57:26.771696
HDB,0.0516,2026-04-30T01:57:26.776542
HDB,0.4939,2026-04-30T01:57:26.781340
HDB,0.9274,2026-04-30T01:57:26.786137
HDB,-0.9231,2026-04-30T01:57:26.790865
HDB,0.6705,2026-04-30T01:57:26.795597
HDB,0.6486,2026-04-30T01:57:26.800245
HDB,0.6361,2026-04-30T01:57:26.804998
ADIB,0.5719,2026-04-30T01:57:27.426268
ADIB,0.0516,2026-04-30T01:57:27.433411
ADIB,0.4939,2026-04-30T01:57:27.438162
ADIB,0.9274,2026-04-30T01:57:27.443060
ADIB,-0.9231,2026-04-30T01:57:27.447775
ADIB,0.6705,2026-04-30T01:57:27.452489
ADIB,0.6486,2026-04-30T01:57:27.457107
ADIB,0.6361,2026-04-30T01:57:27.461902
CIB,-0.296,2026-04-30T01:57:58.060077
CIB,0.0,2026-04-30T01:57:58.065064
CIB,0.0,2026-04-30T01:57:58.070347
CIB,-0.101,2026-04-30T01:57:58.075255
CIB,-0.872,2026-04-30T01:57:58.080010
CIB,-0.5664,2026-04-30T01:57:58.084802
CIB,0.5719,2026-04-30T01:57:58.089476
CIB,0.0516,2026-04-30T01:57:58.094167
CIB,0.4939,2026-04-30T01:57:58.098836
CIB,0.9274,2026-04-30T01:57:58.103577
FAISAL,0.5719,2026-04-30T01:57:58.684598
FAISAL,0.0516,2026-04-30T01:57:58.689337
FAISAL,0.4939,2026-04-30T01:57:58.694138
FAISAL,0.9274,2026-04-30T01:57:58.699127
FAISAL,-0.9231,2026-04-30T01:57:58.704126
FAISAL,0.6705,2026-04-30T01:57:58.709050
FAISAL,0.6486,2026-04-30T01:57:58.714345
FAISAL,0.6361,2026-04-30T01:57:58.719318
HDB,0.5719,2026-04-30T01:57:59.346454
HDB,0.0516,2026-04-30T01:57:59.352178
HDB,0.4939,2026-04-30T01:57:59.357628
HDB,0.9274,2026-04-30T01:57:59.363417
HDB,-0.9231,2026-04-30T01:57:59.369347
HDB,0.6705,2026-04-30T01:57:59.374188
HDB,0.6486,2026-04-30T01:57:59.379091
HDB,0.6361,2026-04-30T01:57:59.384120
ADIB,0.5719,2026-04-30T01:57:59.987076
ADIB,0.0516,2026-04-30T01:57:59.996217
ADIB,0.4939,2026-04-30T01:58:00.001079
ADIB,0.9274,2026-04-30T01:58:00.005978
ADIB,-0.9231,2026-04-30T01:58:00.010671
ADIB,0.6705,2026-04-30T01:58:00.015331
ADIB,0.6486,2026-04-30T01:58:00.019941
ADIB,0.6361,2026-04-30T01:58:00.024621
CIB,-0.296,2026-04-30T01:58:30.663730
CIB,0.0,2026-04-30T01:58:30.671740
CIB,0.0,2026-04-30T01:58:30.676624
CIB,-0.101,2026-04-30T01:58:30.681951
CIB,-0.872,2026-04-30T01:58:30.686906
CIB,-0.5664,2026-04-30T01:58:30.691889
CIB,0.5719,2026-04-30T01:58:30.697411
CIB,0.0516,2026-04-30T01:58:30.702431
CIB,0.4939,2026-04-30T01:58:30.707295
CIB,0.9274,2026-04-30T01:58:30.712092
FAISAL,0.5719,2026-04-30T01:58:31.303263
FAISAL,0.0516,2026-04-30T01:58:31.308008
FAISAL,0.4939,2026-04-30T01:58:31.312811
FAISAL,0.9274,2026-04-30T01:58:31.317677
FAISAL,-0.9231,2026-04-30T01:58:31.322341
FAISAL,0.6705,2026-04-30T01:58:31.327010
FAISAL,0.6486,2026-04-30T01:58:31.331697
FAISAL,0.6361,2026-04-30T01:58:31.336344
HDB,0.5719,2026-04-30T01:58:31.952766
HDB,0.0516,2026-04-30T01:58:31.957609
HDB,0.4939,2026-04-30T01:58:31.962390
HDB,0.9274,2026-04-30T01:58:31.967165
HDB,-0.9231,2026-04-30T01:58:31.971812
HDB,0.6705,2026-04-30T01:58:31.976473
HDB,0.6486,2026-04-30T01:58:31.981129
HDB,0.6361,2026-04-30T01:58:31.985816
ADIB,0.5719,2026-04-30T01:58:32.600174
ADIB,0.0516,2026-04-30T01:58:32.607527
ADIB,0.4939,2026-04-30T01:58:32.612191
ADIB,0.9274,2026-04-30T01:58:32.616874
ADIB,-0.9231,2026-04-30T01:58:32.621557
ADIB,0.6705,2026-04-30T01:58:32.626137
ADIB,0.6486,2026-04-30T01:58:32.630795
ADIB,0.6361,2026-04-30T01:58:32.635406
CIB,-0.296,2026-04-30T01:59:03.236080
CIB,0.0,2026-04-30T01:59:03.243515
CIB,0.0,2026-04-30T01:59:03.248124
CIB,-0.101,2026-04-30T01:59:03.252717
CIB,-0.872,2026-04-30T01:59:03.257349
CIB,-0.5664,2026-04-30T01:59:03.262018
CIB,0.5719,2026-04-30T01:59:03.266592
CIB,0.0516,2026-04-30T01:59:03.271337
CIB,0.4939,2026-04-30T01:59:03.276091
CIB,0.9274,2026-04-30T01:59:03.280847
FAISAL,0.5719,2026-04-30T01:59:03.859860
FAISAL,0.0516,2026-04-30T01:59:03.867911
FAISAL,0.4939,2026-04-30T01:59:03.872780
FAISAL,0.9274,2026-04-30T01:59:03.877589
FAISAL,-0.9231,2026-04-30T01:59:03.882297
FAISAL,0.6705,2026-04-30T01:59:03.887006
FAISAL,0.6486,2026-04-30T01:59:03.891627
FAISAL,0.6361,2026-04-30T01:59:03.896331
HDB,0.5719,2026-04-30T01:59:04.462879
HDB,0.0516,2026-04-30T01:59:04.467862
HDB,0.4939,2026-04-30T01:59:04.472738
HDB,0.9274,2026-04-30T01:59:04.477712
HDB,-0.9231,2026-04-30T01:59:04.482852
HDB,0.6705,2026-04-30T01:59:04.487749
HDB,0.6486,2026-04-30T01:59:04.492886
HDB,0.6361,2026-04-30T01:59:04.497910
ADIB,0.5719,2026-04-30T01:59:05.116702
ADIB,0.0516,2026-04-30T01:59:05.123329
ADIB,0.4939,2026-04-30T01:59:05.128070
ADIB,0.9274,2026-04-30T01:59:05.132841
ADIB,-0.9231,2026-04-30T01:59:05.137504
ADIB,0.6705,2026-04-30T01:59:05.142104
ADIB,0.6486,2026-04-30T01:59:05.146652
ADIB,0.6361,2026-04-30T01:59:05.151298
CIB,-0.296,2026-04-30T01:59:35.786340
CIB,0.0,2026-04-30T01:59:35.791276
CIB,0.0,2026-04-30T01:59:35.796398
CIB,-0.101,2026-04-30T01:59:35.801284
CIB,-0.872,2026-04-30T01:59:35.806172
CIB,-0.5664,2026-04-30T01:59:35.811048
CIB,0.5719,2026-04-30T01:59:35.815891
CIB,0.0516,2026-04-30T01:59:35.820810
CIB,0.4939,2026-04-30T01:59:35.825759
CIB,0.9274,2026-04-30T01:59:35.830900
FAISAL,0.5719,2026-04-30T01:59:36.453992
FAISAL,0.0516,2026-04-30T01:59:36.462643
FAISAL,0.4939,2026-04-30T01:59:36.467642
FAISAL,0.9274,2026-04-30T01:59:36.472430
FAISAL,-0.9231,2026-04-30T01:59:36.477187
FAISAL,0.6705,2026-04-30T01:59:36.481798
FAISAL,0.6486,2026-04-30T01:59:36.486481
FAISAL,0.6361,2026-04-30T01:59:36.491108
HDB,0.5719,2026-04-30T01:59:37.112496
HDB,0.0516,2026-04-30T01:59:37.125134
HDB,0.4939,2026-04-30T01:59:37.135516
HDB,0.9274,2026-04-30T01:59:37.141761
HDB,-0.9231,2026-04-30T01:59:37.146575
HDB,0.6705,2026-04-30T01:59:37.151373
HDB,0.6486,2026-04-30T01:59:37.156152
HDB,0.6361,2026-04-30T01:59:37.160927
ADIB,0.5719,2026-04-30T01:59:37.745446
ADIB,0.0516,2026-04-30T01:59:37.754424
ADIB,0.4939,2026-04-30T01:59:37.759375
ADIB,0.9274,2026-04-30T01:59:37.764150
ADIB,-0.9231,2026-04-30T01:59:37.768903
ADIB,0.6705,2026-04-30T01:59:37.773643
ADIB,0.6486,2026-04-30T01:59:37.778282
ADIB,0.6361,2026-04-30T01:59:37.783128
CIB,-0.296,2026-04-30T02:00:08.370749
CIB,0.0,2026-04-30T02:00:08.376755
CIB,0.0,2026-04-30T02:00:08.381518
CIB,-0.101,2026-04-30T02:00:08.386482
CIB,-0.872,2026-04-30T02:00:08.391284
CIB,-0.5664,2026-04-30T02:00:08.396358
CIB,0.5719,2026-04-30T02:00:08.401022
CIB,0.0516,2026-04-30T02:00:08.405946
CIB,0.4939,2026-04-30T02:00:08.410636
CIB,0.9274,2026-04-30T02:00:08.415440
FAISAL,0.5719,2026-04-30T02:00:08.982588
FAISAL,0.0516,2026-04-30T02:00:08.991315
FAISAL,0.4939,2026-04-30T02:00:08.999643
FAISAL,0.9274,2026-04-30T02:00:09.004676
FAISAL,-0.9231,2026-04-30T02:00:09.009443
FAISAL,0.6705,2026-04-30T02:00:09.014175
FAISAL,0.6486,2026-04-30T02:00:09.018941
FAISAL,0.6361,2026-04-30T02:00:09.023795
HDB,0.5719,2026-04-30T02:00:09.632097
HDB,0.0516,2026-04-30T02:00:09.640860
HDB,0.4939,2026-04-30T02:00:09.645719
HDB,0.9274,2026-04-30T02:00:09.650490
HDB,-0.9231,2026-04-30T02:00:09.655150
HDB,0.6705,2026-04-30T02:00:09.659790
HDB,0.6486,2026-04-30T02:00:09.664424
HDB,0.6361,2026-04-30T02:00:09.669081
ADIB,0.5719,2026-04-30T02:00:10.269011
ADIB,0.0516,2026-04-30T02:00:10.276935
ADIB,0.4939,2026-04-30T02:00:10.281758
ADIB,0.9274,2026-04-30T02:00:10.286554
ADIB,-0.9231,2026-04-30T02:00:10.291185
ADIB,0.6705,2026-04-30T02:00:10.295845
ADIB,0.6486,2026-04-30T02:00:10.300441
ADIB,0.6361,2026-04-30T02:00:10.305108
CIB,-0.296,2026-04-30T02:00:40.935428
CIB,0.0,2026-04-30T02:00:40.942653
CIB,0.0,2026-04-30T02:00:40.947204
CIB,-0.101,2026-04-30T02:00:40.951750
CIB,-0.872,2026-04-30T02:00:40.956343
CIB,-0.5664,2026-04-30T02:00:40.960975
CIB,0.5719,2026-04-30T02:00:40.965535
CIB,0.0516,2026-04-30T02:00:40.970227
CIB,0.4939,2026-04-30T02:00:40.974903
CIB,0.9274,2026-04-30T02:00:40.979735
FAISAL,0.5719,2026-04-30T02:00:41.980967
FAISAL,0.0516,2026-04-30T02:00:41.988534
FAISAL,0.4939,2026-04-30T02:00:41.993329
FAISAL,0.9274,2026-04-30T02:00:41.998111
FAISAL,-0.9231,2026-04-30T02:00:42.002812
FAISAL,0.6705,2026-04-30T02:00:42.007511
FAISAL,0.6486,2026-04-30T02:00:42.012099
FAISAL,0.6361,2026-04-30T02:00:42.016852
HDB,0.5719,2026-04-30T02:00:42.611372
HDB,0.0516,2026-04-30T02:00:42.618930
HDB,0.4939,2026-04-30T02:00:42.623622
HDB,0.9274,2026-04-30T02:00:42.628370
HDB,-0.9231,2026-04-30T02:00:42.632942
HDB,0.6705,2026-04-30T02:00:42.637576
HDB,0.6486,2026-04-30T02:00:42.642139
HDB,0.6361,2026-04-30T02:00:42.646863
ADIB,0.5719,2026-04-30T02:00:43.225262
ADIB,0.0516,2026-04-30T02:00:43.235897
ADIB,0.4939,2026-04-30T02:00:43.243458
ADIB,0.9274,2026-04-30T02:00:43.248233
ADIB,-0.9231,2026-04-30T02:00:43.252846
ADIB,0.6705,2026-04-30T02:00:43.257432
ADIB,0.6486,2026-04-30T02:00:43.262035
ADIB,0.6361,2026-04-30T02:00:43.266640
CIB,-0.296,2026-04-30T02:01:13.864696
CIB,0.0,2026-04-30T02:01:13.871337
CIB,0.0,2026-04-30T02:01:13.875903
CIB,-0.101,2026-04-30T02:01:13.880610
CIB,-0.872,2026-04-30T02:01:13.885304
CIB,-0.5664,2026-04-30T02:01:13.893268
CIB,0.5719,2026-04-30T02:01:13.898609
CIB,0.0516,2026-04-30T02:01:13.905811
CIB,0.4939,2026-04-30T02:01:13.910786
CIB,0.9274,2026-04-30T02:01:13.915565
FAISAL,0.5719,2026-04-30T02:01:14.492845
FAISAL,0.0516,2026-04-30T02:01:14.501053
FAISAL,0.4939,2026-04-30T02:01:14.505881
FAISAL,0.9274,2026-04-30T02:01:14.510650
FAISAL,-0.9231,2026-04-30T02:01:14.515271
FAISAL,0.6705,2026-04-30T02:01:14.519967
FAISAL,0.6486,2026-04-30T02:01:14.524590
FAISAL,0.6361,2026-04-30T02:01:14.529248
HDB,0.5719,2026-04-30T02:01:15.165312
HDB,0.0516,2026-04-30T02:01:15.176471
HDB,0.4939,2026-04-30T02:01:15.195573
HDB,0.9274,2026-04-30T02:01:15.216414
HDB,-0.9231,2026-04-30T02:01:15.232308
HDB,0.6705,2026-04-30T02:01:15.245336
HDB,0.6486,2026-04-30T02:01:15.253710
HDB,0.6361,2026-04-30T02:01:15.259425
ADIB,0.5719,2026-04-30T02:01:15.818247
ADIB,0.0516,2026-04-30T02:01:15.826582
ADIB,0.4939,2026-04-30T02:01:15.831421
ADIB,0.9274,2026-04-30T02:01:15.836333
ADIB,-0.9231,2026-04-30T02:01:15.841081
ADIB,0.6705,2026-04-30T02:01:15.845841
ADIB,0.6486,2026-04-30T02:01:15.850574
ADIB,0.6361,2026-04-30T02:01:15.855449
CIB,-0.296,2026-04-30T02:01:46.579698
CIB,0.0,2026-04-30T02:01:46.587187
CIB,0.0,2026-04-30T02:01:46.591845
CIB,-0.101,2026-04-30T02:01:46.596547
CIB,-0.872,2026-04-30T02:01:46.601282
CIB,-0.5664,2026-04-30T02:01:46.605976
CIB,0.5719,2026-04-30T02:01:46.610641
CIB,0.0516,2026-04-30T02:01:46.615397
CIB,0.4939,2026-04-30T02:01:46.620902
CIB,0.9274,2026-04-30T02:01:46.625757
FAISAL,0.5719,2026-04-30T02:01:47.216944
FAISAL,0.0516,2026-04-30T02:01:47.222661
FAISAL,0.4939,2026-04-30T02:01:47.227464
FAISAL,0.9274,2026-04-30T02:01:47.232289
FAISAL,-0.9231,2026-04-30T02:01:47.236941
FAISAL,0.6705,2026-04-30T02:01:47.241613
FAISAL,0.6486,2026-04-30T02:01:47.246207
FAISAL,0.6361,2026-04-30T02:01:47.251002
HDB,0.5719,2026-04-30T02:01:47.823279
HDB,0.0516,2026-04-30T02:01:47.830837
HDB,0.4939,2026-04-30T02:01:47.835576
HDB,0.9274,2026-04-30T02:01:47.840298
HDB,-0.9231,2026-04-30T02:01:47.844955
HDB,0.6705,2026-04-30T02:01:47.849575
HDB,0.6486,2026-04-30T02:01:47.854287
HDB,0.6361,2026-04-30T02:01:47.858926
ADIB,0.5719,2026-04-30T02:01:48.481698
ADIB,0.0516,2026-04-30T02:01:48.493013
ADIB,0.4939,2026-04-30T02:01:48.498824
ADIB,0.9274,2026-04-30T02:01:48.503700
ADIB,-0.9231,2026-04-30T02:01:48.508436
ADIB,0.6705,2026-04-30T02:01:48.513065
ADIB,0.6486,2026-04-30T02:01:48.517705
ADIB,0.6361,2026-04-30T02:01:48.522362
CIB,-0.296,2026-04-30T02:02:19.120319
CIB,0.0,2026-04-30T02:02:19.129278
CIB,0.0,2026-04-30T02:02:19.134225
CIB,-0.101,2026-04-30T02:02:19.138967
CIB,-0.872,2026-04-30T02:02:19.143727
CIB,-0.5664,2026-04-30T02:02:19.148514
CIB,0.5719,2026-04-30T02:02:19.153165
CIB,0.0516,2026-04-30T02:02:19.157993
CIB,0.4939,2026-04-30T02:02:19.162829
CIB,0.9274,2026-04-30T02:02:19.167706
FAISAL,0.5719,2026-04-30T02:02:19.745767
FAISAL,0.0516,2026-04-30T02:02:19.752459
FAISAL,0.4939,2026-04-30T02:02:19.759665
FAISAL,0.9274,2026-04-30T02:02:19.765879
FAISAL,-0.9231,2026-04-30T02:02:19.770609
FAISAL,0.6705,2026-04-30T02:02:19.775373
FAISAL,0.6486,2026-04-30T02:02:19.780191
FAISAL,0.6361,2026-04-30T02:02:19.784911
HDB,0.5719,2026-04-30T02:02:20.397467
HDB,0.0516,2026-04-30T02:02:20.404465
HDB,0.4939,2026-04-30T02:02:20.409178
HDB,0.9274,2026-04-30T02:02:20.413979
HDB,-0.9231,2026-04-30T02:02:20.418622
HDB,0.6705,2026-04-30T02:02:20.423223
HDB,0.6486,2026-04-30T02:02:20.429450
HDB,0.6361,2026-04-30T02:02:20.437840
ADIB,0.5719,2026-04-30T02:02:21.014078
ADIB,0.0516,2026-04-30T02:02:21.021724
ADIB,0.4939,2026-04-30T02:02:21.026496
ADIB,0.9274,2026-04-30T02:02:21.031166
ADIB,-0.9231,2026-04-30T02:02:21.035833
ADIB,0.6705,2026-04-30T02:02:21.040409
ADIB,0.6486,2026-04-30T02:02:21.045038
ADIB,0.6361,2026-04-30T02:02:21.049726
CIB,-0.296,2026-04-30T02:02:51.917853
CIB,0.0,2026-04-30T02:02:51.923506
CIB,0.0,2026-04-30T02:02:51.928065
CIB,-0.101,2026-04-30T02:02:51.932674
CIB,-0.872,2026-04-30T02:02:51.937267
CIB,-0.5664,2026-04-30T02:02:51.941893
CIB,0.5719,2026-04-30T02:02:51.946479
CIB,0.0516,2026-04-30T02:02:51.951125
CIB,0.4939,2026-04-30T02:02:51.955853
CIB,0.9274,2026-04-30T02:02:51.960547
FAISAL,0.5719,2026-04-30T02:02:52.552477
FAISAL,0.0516,2026-04-30T02:02:52.559327
FAISAL,0.4939,2026-04-30T02:02:52.564109
FAISAL,0.9274,2026-04-30T02:02:52.569083
FAISAL,-0.9231,2026-04-30T02:02:52.573953
FAISAL,0.6705,2026-04-30T02:02:52.578804
FAISAL,0.6486,2026-04-30T02:02:52.583562
FAISAL,0.6361,2026-04-30T02:02:52.588299
HDB,0.5719,2026-04-30T02:02:53.180926
HDB,0.0516,2026-04-30T02:02:53.187495
HDB,0.4939,2026-04-30T02:02:53.194451
HDB,0.9274,2026-04-30T02:02:53.202569
HDB,-0.9231,2026-04-30T02:02:53.207469
HDB,0.6705,2026-04-30T02:02:53.212078
HDB,0.6486,2026-04-30T02:02:53.216721
HDB,0.6361,2026-04-30T02:02:53.221395
ADIB,0.5719,2026-04-30T02:02:53.809635
ADIB,0.0516,2026-04-30T02:02:53.815139
ADIB,0.4939,2026-04-30T02:02:53.819878
ADIB,0.9274,2026-04-30T02:02:53.824668
ADIB,-0.9231,2026-04-30T02:02:53.829380
ADIB,0.6705,2026-04-30T02:02:53.834009
ADIB,0.6486,2026-04-30T02:02:53.838926
ADIB,0.6361,2026-04-30T02:02:53.843711
CIB,-0.296,2026-04-30T02:03:24.464131
CIB,0.0,2026-04-30T02:03:24.468775
CIB,0.0,2026-04-30T02:03:24.473380
CIB,-0.101,2026-04-30T02:03:24.477978
CIB,-0.872,2026-04-30T02:03:24.482638
CIB,-0.5664,2026-04-30T02:03:24.487256
CIB,0.5719,2026-04-30T02:03:24.491855
CIB,0.0516,2026-04-30T02:03:24.496634
CIB,0.4939,2026-04-30T02:03:24.501428
CIB,0.9274,2026-04-30T02:03:24.506229
FAISAL,0.5719,2026-04-30T02:03:25.074842
FAISAL,0.0516,2026-04-30T02:03:25.082822
FAISAL,0.4939,2026-04-30T02:03:25.087622
FAISAL,0.9274,2026-04-30T02:03:25.092465
FAISAL,-0.9231,2026-04-30T02:03:25.097248
FAISAL,0.6705,2026-04-30T02:03:25.102094
FAISAL,0.6486,2026-04-30T02:03:25.106945
FAISAL,0.6361,2026-04-30T02:03:25.111752
HDB,0.5719,2026-04-30T02:03:25.737834
HDB,0.0516,2026-04-30T02:03:25.746905
HDB,0.4939,2026-04-30T02:03:25.751780
HDB,0.9274,2026-04-30T02:03:25.756581
HDB,-0.9231,2026-04-30T02:03:25.761203
HDB,0.6705,2026-04-30T02:03:25.765895
HDB,0.6486,2026-04-30T02:03:25.770498
HDB,0.6361,2026-04-30T02:03:25.775238
ADIB,0.5719,2026-04-30T02:03:26.366403
ADIB,0.0516,2026-04-30T02:03:26.374994
ADIB,0.4939,2026-04-30T02:03:26.379857
ADIB,0.9274,2026-04-30T02:03:26.384633
ADIB,-0.9231,2026-04-30T02:03:26.389244
ADIB,0.6705,2026-04-30T02:03:26.393836
ADIB,0.6486,2026-04-30T02:03:26.398405
ADIB,0.6361,2026-04-30T02:03:26.403035
CIB,-0.296,2026-04-30T02:03:56.982456
CIB,0.0,2026-04-30T02:03:56.990426
CIB,0.0,2026-04-30T02:03:56.995092
CIB,-0.101,2026-04-30T02:03:56.999725
CIB,-0.872,2026-04-30T02:03:57.004365
CIB,-0.5664,2026-04-30T02:03:57.009022
CIB,0.5719,2026-04-30T02:03:57.013594
CIB,0.0516,2026-04-30T02:03:57.018328
CIB,0.4939,2026-04-30T02:03:57.023060
CIB,0.9274,2026-04-30T02:03:57.027805
FAISAL,0.5719,2026-04-30T02:03:57.605923
FAISAL,0.0516,2026-04-30T02:03:57.613669
FAISAL,0.4939,2026-04-30T02:03:57.618490
FAISAL,0.9274,2026-04-30T02:03:57.623244
FAISAL,-0.9231,2026-04-30T02:03:57.627882
FAISAL,0.6705,2026-04-30T02:03:57.632539
FAISAL,0.6486,2026-04-30T02:03:57.637085
FAISAL,0.6361,2026-04-30T02:03:57.641673
HDB,0.5719,2026-04-30T02:03:58.203803
HDB,0.0516,2026-04-30T02:03:58.211891
HDB,0.4939,2026-04-30T02:03:58.216649
HDB,0.9274,2026-04-30T02:03:58.221436
HDB,-0.9231,2026-04-30T02:03:58.226072
HDB,0.6705,2026-04-30T02:03:58.230694
HDB,0.6486,2026-04-30T02:03:58.235366
HDB,0.6361,2026-04-30T02:03:58.239939
ADIB,0.5719,2026-04-30T02:03:58.828521
ADIB,0.0516,2026-04-30T02:03:58.837765
ADIB,0.4939,2026-04-30T02:03:58.843018
ADIB,0.9274,2026-04-30T02:03:58.847976
ADIB,-0.9231,2026-04-30T02:03:58.852746
ADIB,0.6705,2026-04-30T02:03:58.857507
ADIB,0.6486,2026-04-30T02:03:58.862310
ADIB,0.6361,2026-04-30T02:03:58.867022
CIB,-0.296,2026-04-30T02:04:29.494042
CIB,0.0,2026-04-30T02:04:29.500125
CIB,0.0,2026-04-30T02:04:29.504695
CIB,-0.101,2026-04-30T02:04:29.509393
CIB,-0.872,2026-04-30T02:04:29.514041
CIB,-0.5664,2026-04-30T02:04:29.518658
CIB,0.5719,2026-04-30T02:04:29.523245
CIB,0.0516,2026-04-30T02:04:29.527932
CIB,0.4939,2026-04-30T02:04:29.532629
CIB,0.9274,2026-04-30T02:04:29.537383
FAISAL,0.5719,2026-04-30T02:04:30.115812
FAISAL,0.0516,2026-04-30T02:04:30.125682
FAISAL,0.4939,2026-04-30T02:04:30.131277
FAISAL,0.9274,2026-04-30T02:04:30.137024
FAISAL,-0.9231,2026-04-30T02:04:30.143631
FAISAL,0.6705,2026-04-30T02:04:30.148345
FAISAL,0.6486,2026-04-30T02:04:30.153018
FAISAL,0.6361,2026-04-30T02:04:30.157687
HDB,0.5719,2026-04-30T02:04:30.762500
HDB,0.0516,2026-04-30T02:04:30.767461
HDB,0.4939,2026-04-30T02:04:30.772264
HDB,0.9274,2026-04-30T02:04:30.777083
HDB,-0.9231,2026-04-30T02:04:30.781733
HDB,0.6705,2026-04-30T02:04:30.786338
HDB,0.6486,2026-04-30T02:04:30.790994
HDB,0.6361,2026-04-30T02:04:30.796009
ADIB,0.5719,2026-04-30T02:04:31.442587
ADIB,0.0516,2026-04-30T02:04:31.447968
ADIB,0.4939,2026-04-30T02:04:31.454398
ADIB,0.9274,2026-04-30T02:04:31.459262
ADIB,-0.9231,2026-04-30T02:04:31.463945
ADIB,0.6705,2026-04-30T02:04:31.468637
ADIB,0.6486,2026-04-30T02:04:31.473290
ADIB,0.6361,2026-04-30T02:04:31.479168
CIB,-0.296,2026-04-30T02:05:02.095693
CIB,0.0,2026-04-30T02:05:02.103288
CIB,0.0,2026-04-30T02:05:02.107964
CIB,-0.101,2026-04-30T02:05:02.112704
CIB,-0.872,2026-04-30T02:05:02.117395
CIB,-0.5664,2026-04-30T02:05:02.122151
CIB,0.5719,2026-04-30T02:05:02.126826
CIB,0.0516,2026-04-30T02:05:02.131671
CIB,0.4939,2026-04-30T02:05:02.136499
CIB,0.9274,2026-04-30T02:05:02.141401
FAISAL,0.5719,2026-04-30T02:05:02.713792
FAISAL,0.0516,2026-04-30T02:05:02.718860
FAISAL,0.4939,2026-04-30T02:05:02.723824
FAISAL,0.9274,2026-04-30T02:05:02.729000
FAISAL,-0.9231,2026-04-30T02:05:02.734017
FAISAL,0.6705,2026-04-30T02:05:02.740138
FAISAL,0.6486,2026-04-30T02:05:02.745337
FAISAL,0.6361,2026-04-30T02:05:02.750215
HDB,0.5719,2026-04-30T02:05:03.354553
HDB,0.0516,2026-04-30T02:05:03.359338
HDB,0.4939,2026-04-30T02:05:03.364078
HDB,0.9274,2026-04-30T02:05:03.368928
HDB,-0.9231,2026-04-30T02:05:03.373595
HDB,0.6705,2026-04-30T02:05:03.378188
HDB,0.6486,2026-04-30T02:05:03.382804
HDB,0.6361,2026-04-30T02:05:03.387481
ADIB,0.5719,2026-04-30T02:05:03.962279
ADIB,0.0516,2026-04-30T02:05:03.967375
ADIB,0.4939,2026-04-30T02:05:03.973081
ADIB,0.9274,2026-04-30T02:05:03.977936
ADIB,-0.9231,2026-04-30T02:05:03.982538
ADIB,0.6705,2026-04-30T02:05:03.987172
ADIB,0.6486,2026-04-30T02:05:03.991757
ADIB,0.6361,2026-04-30T02:05:03.996386
CIB,-0.296,2026-04-30T02:05:34.583241
CIB,0.0,2026-04-30T02:05:34.591108
CIB,0.0,2026-04-30T02:05:34.595769
CIB,-0.101,2026-04-30T02:05:34.600484
CIB,-0.872,2026-04-30T02:05:34.605157
CIB,-0.5664,2026-04-30T02:05:34.609856
CIB,0.5719,2026-04-30T02:05:34.614483
CIB,0.0516,2026-04-30T02:05:34.619175
CIB,0.4939,2026-04-30T02:05:34.623869
CIB,0.9274,2026-04-30T02:05:34.628658
FAISAL,0.5719,2026-04-30T02:05:35.205255
FAISAL,0.0516,2026-04-30T02:05:35.210184
FAISAL,0.4939,2026-04-30T02:05:35.214904
FAISAL,0.9274,2026-04-30T02:05:35.219594
FAISAL,-0.9231,2026-04-30T02:05:35.224289
FAISAL,0.6705,2026-04-30T02:05:35.229010
FAISAL,0.6486,2026-04-30T02:05:35.233788
FAISAL,0.6361,2026-04-30T02:05:35.238692
HDB,0.5719,2026-04-30T02:05:35.846784
HDB,0.0516,2026-04-30T02:05:35.855193
HDB,0.4939,2026-04-30T02:05:35.860104
HDB,0.9274,2026-04-30T02:05:35.865092
HDB,-0.9231,2026-04-30T02:05:35.869874
HDB,0.6705,2026-04-30T02:05:35.874538
HDB,0.6486,2026-04-30T02:05:35.879143
HDB,0.6361,2026-04-30T02:05:35.883817
ADIB,0.5719,2026-04-30T02:05:36.490540
ADIB,0.0516,2026-04-30T02:05:36.498421
ADIB,0.4939,2026-04-30T02:05:36.503178
ADIB,0.9274,2026-04-30T02:05:36.507997
ADIB,-0.9231,2026-04-30T02:05:36.512631
ADIB,0.6705,2026-04-30T02:05:36.517296
ADIB,0.6486,2026-04-30T02:05:36.521950
ADIB,0.6361,2026-04-30T02:05:36.526645
CIB,-0.296,2026-04-30T02:06:07.140074
CIB,0.0,2026-04-30T02:06:07.149676
CIB,0.0,2026-04-30T02:06:07.154781
CIB,-0.101,2026-04-30T02:06:07.159465
CIB,-0.872,2026-04-30T02:06:07.164106
CIB,-0.5664,2026-04-30T02:06:07.169153
CIB,0.5719,2026-04-30T02:06:07.173847
CIB,0.0516,2026-04-30T02:06:07.179226
CIB,0.4939,2026-04-30T02:06:07.183924
CIB,0.9274,2026-04-30T02:06:07.188710
FAISAL,0.5719,2026-04-30T02:06:07.756129
FAISAL,0.0516,2026-04-30T02:06:07.765057
FAISAL,0.4939,2026-04-30T02:06:07.770061
FAISAL,0.9274,2026-04-30T02:06:07.775213
FAISAL,-0.9231,2026-04-30T02:06:07.780363
FAISAL,0.6705,2026-04-30T02:06:07.786423
FAISAL,0.6486,2026-04-30T02:06:07.791053
FAISAL,0.6361,2026-04-30T02:06:07.795620
HDB,0.5719,2026-04-30T02:06:08.413505
HDB,0.0516,2026-04-30T02:06:08.421312
HDB,0.4939,2026-04-30T02:06:08.426084
HDB,0.9274,2026-04-30T02:06:08.430833
HDB,-0.9231,2026-04-30T02:06:08.435510
HDB,0.6705,2026-04-30T02:06:08.440174
HDB,0.6486,2026-04-30T02:06:08.444857
HDB,0.6361,2026-04-30T02:06:08.449623
ADIB,0.5719,2026-04-30T02:06:09.195195
ADIB,0.0516,2026-04-30T02:06:09.201807
ADIB,0.4939,2026-04-30T02:06:09.210236
ADIB,0.9274,2026-04-30T02:06:09.215796
ADIB,-0.9231,2026-04-30T02:06:09.220476
ADIB,0.6705,2026-04-30T02:06:09.225208
ADIB,0.6486,2026-04-30T02:06:09.229841
ADIB,0.6361,2026-04-30T02:06:09.234442
CIB,-0.296,2026-04-30T02:06:39.819807
CIB,0.0,2026-04-30T02:06:39.828496
CIB,0.0,2026-04-30T02:06:39.833433
CIB,-0.101,2026-04-30T02:06:39.838147
CIB,-0.872,2026-04-30T02:06:39.842915
CIB,-0.5664,2026-04-30T02:06:39.847658
CIB,0.5719,2026-04-30T02:06:39.852263
CIB,0.0516,2026-04-30T02:06:39.857063
CIB,0.4939,2026-04-30T02:06:39.861884
CIB,0.9274,2026-04-30T02:06:39.866708
FAISAL,0.5719,2026-04-30T02:06:40.404818
FAISAL,0.0516,2026-04-30T02:06:40.410826
FAISAL,0.4939,2026-04-30T02:06:40.415607
FAISAL,0.9274,2026-04-30T02:06:40.420457
FAISAL,-0.9231,2026-04-30T02:06:40.425221
FAISAL,0.6705,2026-04-30T02:06:40.429872
FAISAL,0.6486,2026-04-30T02:06:40.434516
FAISAL,0.6361,2026-04-30T02:06:40.439231
HDB,0.5719,2026-04-30T02:06:41.080343
HDB,0.0516,2026-04-30T02:06:41.085174
HDB,0.4939,2026-04-30T02:06:41.089916
HDB,0.9274,2026-04-30T02:06:41.094717
HDB,-0.9231,2026-04-30T02:06:41.099406
HDB,0.6705,2026-04-30T02:06:41.104037
HDB,0.6486,2026-04-30T02:06:41.108634
HDB,0.6361,2026-04-30T02:06:41.113246
ADIB,0.5719,2026-04-30T02:06:41.714779
ADIB,0.0516,2026-04-30T02:06:41.721727
ADIB,0.4939,2026-04-30T02:06:41.726439
ADIB,0.9274,2026-04-30T02:06:41.731196
ADIB,-0.9231,2026-04-30T02:06:41.735902
ADIB,0.6705,2026-04-30T02:06:41.740550
ADIB,0.6486,2026-04-30T02:06:41.745168
ADIB,0.6361,2026-04-30T02:06:41.749907
CIB,-0.296,2026-04-30T02:07:12.443179
CIB,0.0,2026-04-30T02:07:12.449194
CIB,0.0,2026-04-30T02:07:12.454330
CIB,-0.101,2026-04-30T02:07:12.459177
CIB,-0.872,2026-04-30T02:07:12.463993
CIB,-0.5664,2026-04-30T02:07:12.468806
CIB,0.5719,2026-04-30T02:07:12.473546
CIB,0.0516,2026-04-30T02:07:12.478467
CIB,0.4939,2026-04-30T02:07:12.483289
CIB,0.9274,2026-04-30T02:07:12.488429
FAISAL,0.5719,2026-04-30T02:07:13.056064
FAISAL,0.0516,2026-04-30T02:07:13.068597
FAISAL,0.4939,2026-04-30T02:07:13.077491
FAISAL,0.9274,2026-04-30T02:07:13.082686
FAISAL,-0.9231,2026-04-30T02:07:13.087720
FAISAL,0.6705,2026-04-30T02:07:13.092498
FAISAL,0.6486,2026-04-30T02:07:13.097491
FAISAL,0.6361,2026-04-30T02:07:13.102331
HDB,0.5719,2026-04-30T02:07:13.668472
HDB,0.0516,2026-04-30T02:07:13.677798
HDB,0.4939,2026-04-30T02:07:13.682778
HDB,0.9274,2026-04-30T02:07:13.687584
HDB,-0.9231,2026-04-30T02:07:13.692239
HDB,0.6705,2026-04-30T02:07:13.696869
HDB,0.6486,2026-04-30T02:07:13.701483
HDB,0.6361,2026-04-30T02:07:13.706115
ADIB,0.5719,2026-04-30T02:07:14.279948
ADIB,0.0516,2026-04-30T02:07:14.285665
ADIB,0.4939,2026-04-30T02:07:14.291233
ADIB,0.9274,2026-04-30T02:07:14.296875
ADIB,-0.9231,2026-04-30T02:07:14.308885
ADIB,0.6705,2026-04-30T02:07:14.314610
ADIB,0.6486,2026-04-30T02:07:14.319505
ADIB,0.6361,2026-04-30T02:07:14.324522
CIB,-0.296,2026-04-30T02:07:44.931029
CIB,0.0,2026-04-30T02:07:44.937531
CIB,0.0,2026-04-30T02:07:44.942062
CIB,-0.101,2026-04-30T02:07:44.946686
CIB,-0.872,2026-04-30T02:07:44.951300
CIB,-0.5664,2026-04-30T02:07:44.955979
CIB,0.5719,2026-04-30T02:07:44.960557
CIB,0.0516,2026-04-30T02:07:44.965230
CIB,0.4939,2026-04-30T02:07:44.969887
CIB,0.9274,2026-04-30T02:07:44.974690
FAISAL,0.5719,2026-04-30T02:07:45.555122
FAISAL,0.0516,2026-04-30T02:07:45.564879
FAISAL,0.4939,2026-04-30T02:07:45.570260
FAISAL,0.9274,2026-04-30T02:07:45.574984
FAISAL,-0.9231,2026-04-30T02:07:45.579680
FAISAL,0.6705,2026-04-30T02:07:45.584314
FAISAL,0.6486,2026-04-30T02:07:45.588853
FAISAL,0.6361,2026-04-30T02:07:45.593540
HDB,0.5719,2026-04-30T02:07:46.178122
HDB,0.0516,2026-04-30T02:07:46.184013
HDB,0.4939,2026-04-30T02:07:46.188891
HDB,0.9274,2026-04-30T02:07:46.193757
HDB,-0.9231,2026-04-30T02:07:46.198468
HDB,0.6705,2026-04-30T02:07:46.203205
HDB,0.6486,2026-04-30T02:07:46.208441
HDB,0.6361,2026-04-30T02:07:46.213109
ADIB,0.5719,2026-04-30T02:07:46.791191
ADIB,0.0516,2026-04-30T02:07:46.799325
ADIB,0.4939,2026-04-30T02:07:46.804541
ADIB,0.9274,2026-04-30T02:07:46.809444
ADIB,-0.9231,2026-04-30T02:07:46.814235
ADIB,0.6705,2026-04-30T02:07:46.818866
ADIB,0.6486,2026-04-30T02:07:46.823400
ADIB,0.6361,2026-04-30T02:07:46.828016
CIB,-0.296,2026-04-30T02:08:17.414140
CIB,0.0,2026-04-30T02:08:17.421006
CIB,0.0,2026-04-30T02:08:17.426527
CIB,-0.101,2026-04-30T02:08:17.432095
CIB,-0.872,2026-04-30T02:08:17.437468
CIB,-0.5664,2026-04-30T02:08:17.442823
CIB,0.5719,2026-04-30T02:08:17.448505
CIB,0.0516,2026-04-30T02:08:17.454007
CIB,0.4939,2026-04-30T02:08:17.459740
CIB,0.9274,2026-04-30T02:08:17.465561
FAISAL,0.5719,2026-04-30T02:08:17.996144
FAISAL,0.0516,2026-04-30T02:08:18.001472
FAISAL,0.4939,2026-04-30T02:08:18.006939
FAISAL,0.9274,2026-04-30T02:08:18.012315
FAISAL,-0.9231,2026-04-30T02:08:18.017715
FAISAL,0.6705,2026-04-30T02:08:18.022950
FAISAL,0.6486,2026-04-30T02:08:18.028096
FAISAL,0.6361,2026-04-30T02:08:18.033090
HDB,0.5719,2026-04-30T02:08:18.687974
HDB,0.0516,2026-04-30T02:08:18.693906
HDB,0.4939,2026-04-30T02:08:18.698917
HDB,0.9274,2026-04-30T02:08:18.704058
HDB,-0.9231,2026-04-30T02:08:18.709047
HDB,0.6705,2026-04-30T02:08:18.713846
HDB,0.6486,2026-04-30T02:08:18.718790
HDB,0.6361,2026-04-30T02:08:18.723790
ADIB,0.5719,2026-04-30T02:08:19.291174
ADIB,0.0516,2026-04-30T02:08:19.300639
ADIB,0.4939,2026-04-30T02:08:19.307508
ADIB,0.9274,2026-04-30T02:08:19.312810
ADIB,-0.9231,2026-04-30T02:08:19.318436
ADIB,0.6705,2026-04-30T02:08:19.324917
ADIB,0.6486,2026-04-30T02:08:19.331600
ADIB,0.6361,2026-04-30T02:08:19.338712
CIB,-0.296,2026-04-30T02:08:50.003992
CIB,0.0,2026-04-30T02:08:50.009410
CIB,0.0,2026-04-30T02:08:50.015243
CIB,-0.101,2026-04-30T02:08:50.020441
CIB,-0.872,2026-04-30T02:08:50.025538
CIB,-0.5664,2026-04-30T02:08:50.030610
CIB,0.5719,2026-04-30T02:08:50.035838
CIB,0.0516,2026-04-30T02:08:50.041397
CIB,0.4939,2026-04-30T02:08:50.046617
CIB,0.9274,2026-04-30T02:08:50.052240
FAISAL,0.5719,2026-04-30T02:08:50.730171
FAISAL,0.0516,2026-04-30T02:08:50.745046
FAISAL,0.4939,2026-04-30T02:08:50.753462
FAISAL,0.9274,2026-04-30T02:08:50.758776
FAISAL,-0.9231,2026-04-30T02:08:50.764447
FAISAL,0.6705,2026-04-30T02:08:50.770084
FAISAL,0.6486,2026-04-30T02:08:50.775275
FAISAL,0.6361,2026-04-30T02:08:50.780858
HDB,0.5719,2026-04-30T02:08:51.350210
HDB,0.0516,2026-04-30T02:08:51.355811
HDB,0.4939,2026-04-30T02:08:51.361331
HDB,0.9274,2026-04-30T02:08:51.367819
HDB,-0.9231,2026-04-30T02:08:51.373900
HDB,0.6705,2026-04-30T02:08:51.379506
HDB,0.6486,2026-04-30T02:08:51.385865
HDB,0.6361,2026-04-30T02:08:51.391553
ADIB,0.5719,2026-04-30T02:08:51.937637
ADIB,0.0516,2026-04-30T02:08:51.943342
ADIB,0.4939,2026-04-30T02:08:51.948801
ADIB,0.9274,2026-04-30T02:08:51.954130
ADIB,-0.9231,2026-04-30T02:08:51.959385
ADIB,0.6705,2026-04-30T02:08:51.964916
ADIB,0.6486,2026-04-30T02:08:51.970210
ADIB,0.6361,2026-04-30T02:08:51.975569
CIB,-0.296,2026-04-30T02:09:22.645975
CIB,0.0,2026-04-30T02:09:22.670093
CIB,0.0,2026-04-30T02:09:22.682672
CIB,-0.101,2026-04-30T02:09:22.690921
CIB,-0.872,2026-04-30T02:09:22.698963
CIB,-0.5664,2026-04-30T02:09:22.705660
CIB,0.5719,2026-04-30T02:09:22.713045
CIB,0.0516,2026-04-30T02:09:22.720103
CIB,0.4939,2026-04-30T02:09:22.726654
CIB,0.9274,2026-04-30T02:09:22.735963
FAISAL,0.5719,2026-04-30T02:09:23.371694
FAISAL,0.0516,2026-04-30T02:09:23.387540
FAISAL,0.4939,2026-04-30T02:09:23.399652
FAISAL,0.9274,2026-04-30T02:09:23.409813
FAISAL,-0.9231,2026-04-30T02:09:23.417584
FAISAL,0.6705,2026-04-30T02:09:23.424492
FAISAL,0.6486,2026-04-30T02:09:23.430413
FAISAL,0.6361,2026-04-30T02:09:23.436526
HDB,0.5719,2026-04-30T02:09:23.942181
HDB,0.0516,2026-04-30T02:09:23.947545
HDB,0.4939,2026-04-30T02:09:23.952919
HDB,0.9274,2026-04-30T02:09:23.958478
HDB,-0.9231,2026-04-30T02:09:23.963718
HDB,0.6705,2026-04-30T02:09:23.969864
HDB,0.6486,2026-04-30T02:09:23.975067
HDB,0.6361,2026-04-30T02:09:23.980368
ADIB,0.5719,2026-04-30T02:09:24.538402
ADIB,0.0516,2026-04-30T02:09:24.544074
ADIB,0.4939,2026-04-30T02:09:24.549886
ADIB,0.9274,2026-04-30T02:09:24.556347
ADIB,-0.9231,2026-04-30T02:09:24.562928
ADIB,0.6705,2026-04-30T02:09:24.568725
ADIB,0.6486,2026-04-30T02:09:24.574367
ADIB,0.6361,2026-04-30T02:09:24.580183
CIB,-0.296,2026-04-30T02:09:55.253240
CIB,0.0,2026-04-30T02:09:55.261776
CIB,0.0,2026-04-30T02:09:55.268565
CIB,-0.101,2026-04-30T02:09:55.274180
CIB,-0.872,2026-04-30T02:09:55.279408
CIB,-0.5664,2026-04-30T02:09:55.284826
CIB,0.5719,2026-04-30T02:09:55.290018
CIB,0.0516,2026-04-30T02:09:55.295464
CIB,0.4939,2026-04-30T02:09:55.300775
CIB,0.9274,2026-04-30T02:09:55.306158
FAISAL,0.5719,2026-04-30T02:09:55.864994
FAISAL,0.0516,2026-04-30T02:09:55.870658
FAISAL,0.4939,2026-04-30T02:09:55.876009
FAISAL,0.9274,2026-04-30T02:09:55.881650
FAISAL,-0.9231,2026-04-30T02:09:55.887254
FAISAL,0.6705,2026-04-30T02:09:55.892914
FAISAL,0.6486,2026-04-30T02:09:55.898390
FAISAL,0.6361,2026-04-30T02:09:55.903594
HDB,0.5719,2026-04-30T02:09:56.471447
HDB,0.0516,2026-04-30T02:09:56.477230
HDB,0.4939,2026-04-30T02:09:56.483219
HDB,0.9274,2026-04-30T02:09:56.488917
HDB,-0.9231,2026-04-30T02:09:56.494320
HDB,0.6705,2026-04-30T02:09:56.499629
HDB,0.6486,2026-04-30T02:09:56.504847
HDB,0.6361,2026-04-30T02:09:56.510156
ADIB,0.5719,2026-04-30T02:09:57.120377
ADIB,0.0516,2026-04-30T02:09:57.126456
ADIB,0.4939,2026-04-30T02:09:57.131812
ADIB,0.9274,2026-04-30T02:09:57.138358
ADIB,-0.9231,2026-04-30T02:09:57.145541
ADIB,0.6705,2026-04-30T02:09:57.152294
ADIB,0.6486,2026-04-30T02:09:57.159825
ADIB,0.6361,2026-04-30T02:09:57.168563
CIB,-0.296,2026-04-30T02:10:27.776747
CIB,0.0,2026-04-30T02:10:27.782885
CIB,0.0,2026-04-30T02:10:27.789751
CIB,-0.101,2026-04-30T02:10:27.795966
CIB,-0.872,2026-04-30T02:10:27.801603
CIB,-0.5664,2026-04-30T02:10:27.806932
CIB,0.5719,2026-04-30T02:10:27.812048
CIB,0.0516,2026-04-30T02:10:27.817380
CIB,0.4939,2026-04-30T02:10:27.822601
CIB,0.9274,2026-04-30T02:10:27.827952
FAISAL,0.5719,2026-04-30T02:10:28.400664
FAISAL,0.0516,2026-04-30T02:10:28.406050
FAISAL,0.4939,2026-04-30T02:10:28.411207
FAISAL,0.9274,2026-04-30T02:10:28.416723
FAISAL,-0.9231,2026-04-30T02:10:28.422001
FAISAL,0.6705,2026-04-30T02:10:28.427308
FAISAL,0.6486,2026-04-30T02:10:28.432525
FAISAL,0.6361,2026-04-30T02:10:28.438113
HDB,0.5719,2026-04-30T02:10:29.004903
HDB,0.0516,2026-04-30T02:10:29.010553
HDB,0.4939,2026-04-30T02:10:29.016413
HDB,0.9274,2026-04-30T02:10:29.021940
HDB,-0.9231,2026-04-30T02:10:29.027572
HDB,0.6705,2026-04-30T02:10:29.032951
HDB,0.6486,2026-04-30T02:10:29.038346
HDB,0.6361,2026-04-30T02:10:29.043702
ADIB,0.5719,2026-04-30T02:10:29.710133
ADIB,0.0516,2026-04-30T02:10:29.732844
ADIB,0.4939,2026-04-30T02:10:29.738902
ADIB,0.9274,2026-04-30T02:10:29.744403
ADIB,-0.9231,2026-04-30T02:10:29.749701
ADIB,0.6705,2026-04-30T02:10:29.755042
ADIB,0.6486,2026-04-30T02:10:29.760305
ADIB,0.6361,2026-04-30T02:10:29.765476
CIB,-0.296,2026-04-30T02:11:00.249849
CIB,0.0,2026-04-30T02:11:00.254900
CIB,0.0,2026-04-30T02:11:00.259670
CIB,-0.101,2026-04-30T02:11:00.264651
CIB,-0.872,2026-04-30T02:11:00.269636
CIB,-0.5664,2026-04-30T02:11:00.274526
CIB,0.5719,2026-04-30T02:11:00.279367
CIB,0.0516,2026-04-30T02:11:00.286036
CIB,0.4939,2026-04-30T02:11:00.291043
CIB,0.9274,2026-04-30T02:11:00.296281
FAISAL,0.5719,2026-04-30T02:11:00.824060
FAISAL,0.0516,2026-04-30T02:11:00.828903
FAISAL,0.4939,2026-04-30T02:11:00.833753
FAISAL,0.9274,2026-04-30T02:11:00.838764
FAISAL,-0.9231,2026-04-30T02:11:00.843538
FAISAL,0.6705,2026-04-30T02:11:00.848171
FAISAL,0.6486,2026-04-30T02:11:00.852876
FAISAL,0.6361,2026-04-30T02:11:00.857581
HDB,0.5719,2026-04-30T02:11:01.455630
HDB,0.0516,2026-04-30T02:11:01.463369
HDB,0.4939,2026-04-30T02:11:01.468108
HDB,0.9274,2026-04-30T02:11:01.472792
HDB,-0.9231,2026-04-30T02:11:01.477579
HDB,0.6705,2026-04-30T02:11:01.482301
HDB,0.6486,2026-04-30T02:11:01.486920
HDB,0.6361,2026-04-30T02:11:01.491599
ADIB,0.5719,2026-04-30T02:11:02.098566
ADIB,0.0516,2026-04-30T02:11:02.105870
ADIB,0.4939,2026-04-30T02:11:02.110591
ADIB,0.9274,2026-04-30T02:11:02.115346
ADIB,-0.9231,2026-04-30T02:11:02.119972
ADIB,0.6705,2026-04-30T02:11:02.124568
ADIB,0.6486,2026-04-30T02:11:02.129144
ADIB,0.6361,2026-04-30T02:11:02.133752
CIB,-0.296,2026-04-30T02:11:32.901992
CIB,0.0,2026-04-30T02:11:32.907808
CIB,0.0,2026-04-30T02:11:32.913495
CIB,-0.101,2026-04-30T02:11:32.919045
CIB,-0.872,2026-04-30T02:11:32.925207
CIB,-0.5664,2026-04-30T02:11:32.931135
CIB,0.5719,2026-04-30T02:11:32.937063
CIB,0.0516,2026-04-30T02:11:32.942863
CIB,0.4939,2026-04-30T02:11:32.949370
CIB,0.9274,2026-04-30T02:11:32.955851
FAISAL,0.5719,2026-04-30T02:11:33.786109
FAISAL,0.0516,2026-04-30T02:11:33.792527
FAISAL,0.4939,2026-04-30T02:11:33.797945
FAISAL,0.9274,2026-04-30T02:11:33.803697
FAISAL,-0.9231,2026-04-30T02:11:33.809172
FAISAL,0.6705,2026-04-30T02:11:33.814583
FAISAL,0.6486,2026-04-30T02:11:33.819993
FAISAL,0.6361,2026-04-30T02:11:33.825613
HDB,0.5719,2026-04-30T02:11:34.441682
HDB,0.0516,2026-04-30T02:11:34.460157
HDB,0.4939,2026-04-30T02:11:34.471599
HDB,0.9274,2026-04-30T02:11:34.478682
HDB,-0.9231,2026-04-30T02:11:34.485212
HDB,0.6705,2026-04-30T02:11:34.491081
HDB,0.6486,2026-04-30T02:11:34.496767
HDB,0.6361,2026-04-30T02:11:34.502714
ADIB,0.5719,2026-04-30T02:11:35.040726
ADIB,0.0516,2026-04-30T02:11:35.047578
ADIB,0.4939,2026-04-30T02:11:35.052913
ADIB,0.9274,2026-04-30T02:11:35.058996
ADIB,-0.9231,2026-04-30T02:11:35.064482
ADIB,0.6705,2026-04-30T02:11:35.069570
ADIB,0.6486,2026-04-30T02:11:35.074591
ADIB,0.6361,2026-04-30T02:11:35.079689
CIB,-0.296,2026-04-30T02:12:05.719936
CIB,0.0,2026-04-30T02:12:05.736635
CIB,0.0,2026-04-30T02:12:05.749025
CIB,-0.101,2026-04-30T02:12:05.759375
CIB,-0.872,2026-04-30T02:12:05.767713
CIB,-0.5664,2026-04-30T02:12:05.773760
CIB,0.5719,2026-04-30T02:12:05.779264
CIB,0.0516,2026-04-30T02:12:05.784787
CIB,0.4939,2026-04-30T02:12:05.791780
CIB,0.9274,2026-04-30T02:12:05.798064
FAISAL,0.5719,2026-04-30T02:12:06.336116
FAISAL,0.0516,2026-04-30T02:12:06.342236
FAISAL,0.4939,2026-04-30T02:12:06.348004
FAISAL,0.9274,2026-04-30T02:12:06.353610
FAISAL,-0.9231,2026-04-30T02:12:06.359124
FAISAL,0.6705,2026-04-30T02:12:06.364423
FAISAL,0.6486,2026-04-30T02:12:06.369674
FAISAL,0.6361,2026-04-30T02:12:06.374899
HDB,0.5719,2026-04-30T02:12:07.032667
HDB,0.0516,2026-04-30T02:12:07.043053
HDB,0.4939,2026-04-30T02:12:07.049205
HDB,0.9274,2026-04-30T02:12:07.055416
HDB,-0.9231,2026-04-30T02:12:07.061046
HDB,0.6705,2026-04-30T02:12:07.066484
HDB,0.6486,2026-04-30T02:12:07.071773
HDB,0.6361,2026-04-30T02:12:07.077249
ADIB,0.5719,2026-04-30T02:12:07.702466
ADIB,0.0516,2026-04-30T02:12:07.709539
ADIB,0.4939,2026-04-30T02:12:07.715103
ADIB,0.9274,2026-04-30T02:12:07.720678
ADIB,-0.9231,2026-04-30T02:12:07.725921
ADIB,0.6705,2026-04-30T02:12:07.731045
ADIB,0.6486,2026-04-30T02:12:07.736241
ADIB,0.6361,2026-04-30T02:12:07.741422
CIB,-0.296,2026-04-30T02:12:38.453995
CIB,0.0,2026-04-30T02:12:38.461842
CIB,0.0,2026-04-30T02:12:38.468467
CIB,-0.101,2026-04-30T02:12:38.474595
CIB,-0.872,2026-04-30T02:12:38.481601
CIB,-0.5664,2026-04-30T02:12:38.490836
CIB,0.5719,2026-04-30T02:12:38.496782
CIB,0.0516,2026-04-30T02:12:38.502443
CIB,0.4939,2026-04-30T02:12:38.508382
CIB,0.9274,2026-04-30T02:12:38.514445
FAISAL,0.5719,2026-04-30T02:12:39.154168
FAISAL,0.0516,2026-04-30T02:12:39.164976
FAISAL,0.4939,2026-04-30T02:12:39.170877
FAISAL,0.9274,2026-04-30T02:12:39.176822
FAISAL,-0.9231,2026-04-30T02:12:39.182385
FAISAL,0.6705,2026-04-30T02:12:39.187595
FAISAL,0.6486,2026-04-30T02:12:39.192986
FAISAL,0.6361,2026-04-30T02:12:39.198416
HDB,0.5719,2026-04-30T02:12:39.814536
HDB,0.0516,2026-04-30T02:12:39.828258
HDB,0.4939,2026-04-30T02:12:39.835128
HDB,0.9274,2026-04-30T02:12:39.841948
HDB,-0.9231,2026-04-30T02:12:39.848271
HDB,0.6705,2026-04-30T02:12:39.854554
HDB,0.6486,2026-04-30T02:12:39.860832
HDB,0.6361,2026-04-30T02:12:39.867031
ADIB,0.5719,2026-04-30T02:12:40.448190
ADIB,0.0516,2026-04-30T02:12:40.458779
ADIB,0.4939,2026-04-30T02:12:40.465925
ADIB,0.9274,2026-04-30T02:12:40.473255
ADIB,-0.9231,2026-04-30T02:12:40.482109
ADIB,0.6705,2026-04-30T02:12:40.489589
ADIB,0.6486,2026-04-30T02:12:40.496937
ADIB,0.6361,2026-04-30T02:12:40.502818
CIB,-0.296,2026-04-30T02:13:11.137967
CIB,0.0,2026-04-30T02:13:11.144448
CIB,0.0,2026-04-30T02:13:11.149533
CIB,-0.101,2026-04-30T02:13:11.154865
CIB,-0.872,2026-04-30T02:13:11.160207
CIB,-0.5664,2026-04-30T02:13:11.165432
CIB,0.5719,2026-04-30T02:13:11.170704
CIB,0.0516,2026-04-30T02:13:11.175862
CIB,0.4939,2026-04-30T02:13:11.181119
CIB,0.9274,2026-04-30T02:13:11.187555
FAISAL,0.5719,2026-04-30T02:13:11.744762
FAISAL,0.0516,2026-04-30T02:13:11.751665
FAISAL,0.4939,2026-04-30T02:13:11.760591
FAISAL,0.9274,2026-04-30T02:13:11.767052
FAISAL,-0.9231,2026-04-30T02:13:11.773800
FAISAL,0.6705,2026-04-30T02:13:11.781422
FAISAL,0.6486,2026-04-30T02:13:11.788502
FAISAL,0.6361,2026-04-30T02:13:11.798734
HDB,0.5719,2026-04-30T02:13:12.440260
HDB,0.0516,2026-04-30T02:13:12.446637
HDB,0.4939,2026-04-30T02:13:12.451964
HDB,0.9274,2026-04-30T02:13:12.457755
HDB,-0.9231,2026-04-30T02:13:12.463093
HDB,0.6705,2026-04-30T02:13:12.468460
HDB,0.6486,2026-04-30T02:13:12.473693
HDB,0.6361,2026-04-30T02:13:12.478978
ADIB,0.5719,2026-04-30T02:13:13.244413
ADIB,0.0516,2026-04-30T02:13:13.259587
ADIB,0.4939,2026-04-30T02:13:13.268174
ADIB,0.9274,2026-04-30T02:13:13.275607
ADIB,-0.9231,2026-04-30T02:13:13.281472
ADIB,0.6705,2026-04-30T02:13:13.287232
ADIB,0.6486,2026-04-30T02:13:13.293242
ADIB,0.6361,2026-04-30T02:13:13.299491
CIB,-0.296,2026-04-30T02:13:44.012592
CIB,0.0,2026-04-30T02:13:44.019470
CIB,0.0,2026-04-30T02:13:44.027227
CIB,-0.101,2026-04-30T02:13:44.034705
CIB,-0.872,2026-04-30T02:13:44.040659
CIB,-0.5664,2026-04-30T02:13:44.046855
CIB,0.5719,2026-04-30T02:13:44.052536
CIB,0.0516,2026-04-30T02:13:44.059171
CIB,0.4939,2026-04-30T02:13:44.065807
CIB,0.9274,2026-04-30T02:13:44.073265
FAISAL,0.5719,2026-04-30T02:13:44.680625
FAISAL,0.0516,2026-04-30T02:13:44.686822
FAISAL,0.4939,2026-04-30T02:13:44.692604
FAISAL,0.9274,2026-04-30T02:13:44.698122
FAISAL,-0.9231,2026-04-30T02:13:44.703465
FAISAL,0.6705,2026-04-30T02:13:44.708658
FAISAL,0.6486,2026-04-30T02:13:44.713807
FAISAL,0.6361,2026-04-30T02:13:44.719078
HDB,0.5719,2026-04-30T02:13:45.368170
HDB,0.0516,2026-04-30T02:13:45.397278
HDB,0.4939,2026-04-30T02:13:45.424325
HDB,0.9274,2026-04-30T02:13:45.441871
HDB,-0.9231,2026-04-30T02:13:45.455404
HDB,0.6705,2026-04-30T02:13:45.469862
HDB,0.6486,2026-04-30T02:13:45.481857
HDB,0.6361,2026-04-30T02:13:45.498907
ADIB,0.5719,2026-04-30T02:13:46.063535
ADIB,0.0516,2026-04-30T02:13:46.084874
ADIB,0.4939,2026-04-30T02:13:46.099150
ADIB,0.9274,2026-04-30T02:13:46.107393
ADIB,-0.9231,2026-04-30T02:13:46.113802
ADIB,0.6705,2026-04-30T02:13:46.120073
ADIB,0.6486,2026-04-30T02:13:46.126029
ADIB,0.6361,2026-04-30T02:13:46.131514
CIB,-0.296,2026-04-30T02:14:16.719960
CIB,0.0,2026-04-30T02:14:16.729559
CIB,0.0,2026-04-30T02:14:16.740154
CIB,-0.101,2026-04-30T02:14:16.747936
CIB,-0.872,2026-04-30T02:14:16.754704
CIB,-0.5664,2026-04-30T02:14:16.762169
CIB,0.5719,2026-04-30T02:14:16.768819
CIB,0.0516,2026-04-30T02:14:16.775730
CIB,0.4939,2026-04-30T02:14:16.782812
CIB,0.9274,2026-04-30T02:14:16.789763
FAISAL,0.5719,2026-04-30T02:14:17.339022
FAISAL,0.0516,2026-04-30T02:14:17.344776
FAISAL,0.4939,2026-04-30T02:14:17.350877
FAISAL,0.9274,2026-04-30T02:14:17.356114
FAISAL,-0.9231,2026-04-30T02:14:17.361216
FAISAL,0.6705,2026-04-30T02:14:17.366606
FAISAL,0.6486,2026-04-30T02:14:17.371885
FAISAL,0.6361,2026-04-30T02:14:17.378747
HDB,0.5719,2026-04-30T02:14:17.992431
HDB,0.0516,2026-04-30T02:14:18.002210
HDB,0.4939,2026-04-30T02:14:18.008526
HDB,0.9274,2026-04-30T02:14:18.013835
HDB,-0.9231,2026-04-30T02:14:18.018813
HDB,0.6705,2026-04-30T02:14:18.023800
HDB,0.6486,2026-04-30T02:14:18.029052
HDB,0.6361,2026-04-30T02:14:18.034393
ADIB,0.5719,2026-04-30T02:14:18.630580
ADIB,0.0516,2026-04-30T02:14:18.636131
ADIB,0.4939,2026-04-30T02:14:18.641411
ADIB,0.9274,2026-04-30T02:14:18.646853
ADIB,-0.9231,2026-04-30T02:14:18.651910
ADIB,0.6705,2026-04-30T02:14:18.656793
ADIB,0.6486,2026-04-30T02:14:18.661957
ADIB,0.6361,2026-04-30T02:14:18.667221
CIB,-0.296,2026-04-30T02:14:49.244706
CIB,0.0,2026-04-30T02:14:49.250615
CIB,0.0,2026-04-30T02:14:49.255268
CIB,-0.101,2026-04-30T02:14:49.259951
CIB,-0.872,2026-04-30T02:14:49.264525
CIB,-0.5664,2026-04-30T02:14:49.269946
CIB,0.5719,2026-04-30T02:14:49.274568
CIB,0.0516,2026-04-30T02:14:49.279274
CIB,0.4939,2026-04-30T02:14:49.284065
CIB,0.9274,2026-04-30T02:14:49.288969
FAISAL,0.5719,2026-04-30T02:14:49.907670
FAISAL,0.0516,2026-04-30T02:14:49.915508
FAISAL,0.4939,2026-04-30T02:14:49.920229
FAISAL,0.9274,2026-04-30T02:14:49.924990
FAISAL,-0.9231,2026-04-30T02:14:49.929600
FAISAL,0.6705,2026-04-30T02:14:49.934178
FAISAL,0.6486,2026-04-30T02:14:49.938779
FAISAL,0.6361,2026-04-30T02:14:49.943385
HDB,0.5719,2026-04-30T02:14:50.558244
HDB,0.0516,2026-04-30T02:14:50.566007
HDB,0.4939,2026-04-30T02:14:50.570703
HDB,0.9274,2026-04-30T02:14:50.575445
HDB,-0.9231,2026-04-30T02:14:50.580108
HDB,0.6705,2026-04-30T02:14:50.584712
HDB,0.6486,2026-04-30T02:14:50.589251
HDB,0.6361,2026-04-30T02:14:50.593862
ADIB,0.5719,2026-04-30T02:14:51.193380
ADIB,0.0516,2026-04-30T02:14:51.200775
ADIB,0.4939,2026-04-30T02:14:51.205540
ADIB,0.9274,2026-04-30T02:14:51.210360
ADIB,-0.9231,2026-04-30T02:14:51.215037
ADIB,0.6705,2026-04-30T02:14:51.219755
ADIB,0.6486,2026-04-30T02:14:51.224405
ADIB,0.6361,2026-04-30T02:14:51.228996
CIB,-0.296,2026-04-30T02:15:22.238978
CIB,0.0,2026-04-30T02:15:22.248271
CIB,0.0,2026-04-30T02:15:22.253208
CIB,-0.101,2026-04-30T02:15:22.257842
CIB,-0.872,2026-04-30T02:15:22.262514
CIB,-0.5664,2026-04-30T02:15:22.267143
CIB,0.5719,2026-04-30T02:15:22.271669
CIB,0.0516,2026-04-30T02:15:22.276435
CIB,0.4939,2026-04-30T02:15:22.281287
CIB,0.9274,2026-04-30T02:15:22.286014
FAISAL,0.5719,2026-04-30T02:15:22.845687
FAISAL,0.0516,2026-04-30T02:15:22.850971
FAISAL,0.4939,2026-04-30T02:15:22.855660
FAISAL,0.9274,2026-04-30T02:15:22.860407
FAISAL,-0.9231,2026-04-30T02:15:22.865091
FAISAL,0.6705,2026-04-30T02:15:22.869678
FAISAL,0.6486,2026-04-30T02:15:22.874238
FAISAL,0.6361,2026-04-30T02:15:22.878892
HDB,0.5719,2026-04-30T02:15:23.551843
HDB,0.0516,2026-04-30T02:15:23.559532
HDB,0.4939,2026-04-30T02:15:23.564434
HDB,0.9274,2026-04-30T02:15:23.569399
HDB,-0.9231,2026-04-30T02:15:23.574369
HDB,0.6705,2026-04-30T02:15:23.579154
HDB,0.6486,2026-04-30T02:15:23.583978
HDB,0.6361,2026-04-30T02:15:23.588812
ADIB,0.5719,2026-04-30T02:15:24.224364
ADIB,0.0516,2026-04-30T02:15:24.229629
ADIB,0.4939,2026-04-30T02:15:24.234435
ADIB,0.9274,2026-04-30T02:15:24.239389
ADIB,-0.9231,2026-04-30T02:15:24.244081
ADIB,0.6705,2026-04-30T02:15:24.249503
ADIB,0.6486,2026-04-30T02:15:24.254295
ADIB,0.6361,2026-04-30T02:15:24.259154
CIB,-0.296,2026-04-30T02:15:54.936192
CIB,0.0,2026-04-30T02:15:54.943083
CIB,0.0,2026-04-30T02:15:54.947625
CIB,-0.101,2026-04-30T02:15:54.952256
CIB,-0.872,2026-04-30T02:15:54.956922
CIB,-0.5664,2026-04-30T02:15:54.961604
CIB,0.5719,2026-04-30T02:15:54.966181
CIB,0.0516,2026-04-30T02:15:54.970844
CIB,0.4939,2026-04-30T02:15:54.975592
CIB,0.9274,2026-04-30T02:15:54.980349
FAISAL,0.5719,2026-04-30T02:15:55.617929
FAISAL,0.0516,2026-04-30T02:15:55.625691
FAISAL,0.4939,2026-04-30T02:15:55.630480
FAISAL,0.9274,2026-04-30T02:15:55.635328
FAISAL,-0.9231,2026-04-30T02:15:55.640084
FAISAL,0.6705,2026-04-30T02:15:55.644797
FAISAL,0.6486,2026-04-30T02:15:55.649443
FAISAL,0.6361,2026-04-30T02:15:55.654103
HDB,0.5719,2026-04-30T02:15:56.231973
HDB,0.0516,2026-04-30T02:15:56.239708
HDB,0.4939,2026-04-30T02:15:56.244504
HDB,0.9274,2026-04-30T02:15:56.249244
HDB,-0.9231,2026-04-30T02:15:56.253865
HDB,0.6705,2026-04-30T02:15:56.258489
HDB,0.6486,2026-04-30T02:15:56.263057
HDB,0.6361,2026-04-30T02:15:56.267850
ADIB,0.5719,2026-04-30T02:15:56.837913
ADIB,0.0516,2026-04-30T02:15:56.843096
ADIB,0.4939,2026-04-30T02:15:56.848189
ADIB,0.9274,2026-04-30T02:15:56.853069
ADIB,-0.9231,2026-04-30T02:15:56.857939
ADIB,0.6705,2026-04-30T02:15:56.862824
ADIB,0.6486,2026-04-30T02:15:56.867520
ADIB,0.6361,2026-04-30T02:15:56.872301
CIB,-0.296,2026-04-30T02:16:27.586935
CIB,0.0,2026-04-30T02:16:27.592844
CIB,0.0,2026-04-30T02:16:27.597415
CIB,-0.101,2026-04-30T02:16:27.602301
CIB,-0.872,2026-04-30T02:16:27.607049
CIB,-0.5664,2026-04-30T02:16:27.611832
CIB,0.5719,2026-04-30T02:16:27.616494
CIB,0.0516,2026-04-30T02:16:27.621360
CIB,0.4939,2026-04-30T02:16:27.626110
CIB,0.9274,2026-04-30T02:16:27.631081
FAISAL,0.5719,2026-04-30T02:16:28.253526
FAISAL,0.0516,2026-04-30T02:16:28.260524
FAISAL,0.4939,2026-04-30T02:16:28.265435
FAISAL,0.9274,2026-04-30T02:16:28.270461
FAISAL,-0.9231,2026-04-30T02:16:28.275286
FAISAL,0.6705,2026-04-30T02:16:28.280067
FAISAL,0.6486,2026-04-30T02:16:28.284771
FAISAL,0.6361,2026-04-30T02:16:28.293404
HDB,0.5719,2026-04-30T02:16:29.083114
HDB,0.0516,2026-04-30T02:16:29.088207
HDB,0.4939,2026-04-30T02:16:29.093382
HDB,0.9274,2026-04-30T02:16:29.098406
HDB,-0.9231,2026-04-30T02:16:29.103207
HDB,0.6705,2026-04-30T02:16:29.107993
HDB,0.6486,2026-04-30T02:16:29.112714
HDB,0.6361,2026-04-30T02:16:29.117555
ADIB,0.5719,2026-04-30T02:16:29.681815
ADIB,0.0516,2026-04-30T02:16:29.687302
ADIB,0.4939,2026-04-30T02:16:29.692229
ADIB,0.9274,2026-04-30T02:16:29.697113
ADIB,-0.9231,2026-04-30T02:16:29.701858
ADIB,0.6705,2026-04-30T02:16:29.706604
ADIB,0.6486,2026-04-30T02:16:29.711365
ADIB,0.6361,2026-04-30T02:16:29.716258
CIB,-0.296,2026-04-30T02:17:00.339229
CIB,0.0,2026-04-30T02:17:00.344681
CIB,0.0,2026-04-30T02:17:00.349534
CIB,-0.101,2026-04-30T02:17:00.354376
CIB,-0.872,2026-04-30T02:17:00.359204
CIB,-0.5664,2026-04-30T02:17:00.364061
CIB,0.5719,2026-04-30T02:17:00.368835
CIB,0.0516,2026-04-30T02:17:00.373651
CIB,0.4939,2026-04-30T02:17:00.378528
CIB,0.9274,2026-04-30T02:17:00.383465
FAISAL,0.5719,2026-04-30T02:17:00.989311
FAISAL,0.0516,2026-04-30T02:17:00.994493
FAISAL,0.4939,2026-04-30T02:17:00.999408
FAISAL,0.9274,2026-04-30T02:17:01.004377
FAISAL,-0.9231,2026-04-30T02:17:01.009218
FAISAL,0.6705,2026-04-30T02:17:01.014154
FAISAL,0.6486,2026-04-30T02:17:01.018893
FAISAL,0.6361,2026-04-30T02:17:01.023780
HDB,0.5719,2026-04-30T02:17:01.571819
HDB,0.0516,2026-04-30T02:17:01.577520
HDB,0.4939,2026-04-30T02:17:01.582413
HDB,0.9274,2026-04-30T02:17:01.587308
HDB,-0.9231,2026-04-30T02:17:01.592135
HDB,0.6705,2026-04-30T02:17:01.596909
HDB,0.6486,2026-04-30T02:17:01.601571
HDB,0.6361,2026-04-30T02:17:01.606383
ADIB,0.5719,2026-04-30T02:17:02.199310
ADIB,0.0516,2026-04-30T02:17:02.204399
ADIB,0.4939,2026-04-30T02:17:02.209211
ADIB,0.9274,2026-04-30T02:17:02.213970
ADIB,-0.9231,2026-04-30T02:17:02.218588
ADIB,0.6705,2026-04-30T02:17:02.223175
ADIB,0.6486,2026-04-30T02:17:02.227716
ADIB,0.6361,2026-04-30T02:17:02.232264
CIB,-0.296,2026-04-30T02:17:32.813378
CIB,0.0,2026-04-30T02:17:32.818037
CIB,0.0,2026-04-30T02:17:32.822780
CIB,-0.101,2026-04-30T02:17:32.827438
CIB,-0.872,2026-04-30T02:17:32.832145
CIB,-0.5664,2026-04-30T02:17:32.836913
CIB,0.5719,2026-04-30T02:17:32.841625
CIB,0.0516,2026-04-30T02:17:32.846404
CIB,0.4939,2026-04-30T02:17:32.851171
CIB,0.9274,2026-04-30T02:17:32.855999
FAISAL,0.5719,2026-04-30T02:17:33.425882
FAISAL,0.0516,2026-04-30T02:17:33.430823
FAISAL,0.4939,2026-04-30T02:17:33.435645
FAISAL,0.9274,2026-04-30T02:17:33.440561
FAISAL,-0.9231,2026-04-30T02:17:33.445334
FAISAL,0.6705,2026-04-30T02:17:33.450008
FAISAL,0.6486,2026-04-30T02:17:33.454750
FAISAL,0.6361,2026-04-30T02:17:33.459501
HDB,0.5719,2026-04-30T02:17:34.049535
HDB,0.0516,2026-04-30T02:17:34.054348
HDB,0.4939,2026-04-30T02:17:34.059170
HDB,0.9274,2026-04-30T02:17:34.064102
HDB,-0.9231,2026-04-30T02:17:34.068886
HDB,0.6705,2026-04-30T02:17:34.073545
HDB,0.6486,2026-04-30T02:17:34.078234
HDB,0.6361,2026-04-30T02:17:34.083006
ADIB,0.5719,2026-04-30T02:17:34.653843
ADIB,0.0516,2026-04-30T02:17:34.658691
ADIB,0.4939,2026-04-30T02:17:34.663477
ADIB,0.9274,2026-04-30T02:17:34.668246
ADIB,-0.9231,2026-04-30T02:17:34.672912
ADIB,0.6705,2026-04-30T02:17:34.677480
ADIB,0.6486,2026-04-30T02:17:34.682139
ADIB,0.6361,2026-04-30T02:17:34.686924
CIB,-0.296,2026-04-30T02:18:05.367760
CIB,0.0,2026-04-30T02:18:05.372623
CIB,0.0,2026-04-30T02:18:05.377286
CIB,-0.101,2026-04-30T02:18:05.381940
CIB,-0.872,2026-04-30T02:18:05.386630
CIB,-0.5664,2026-04-30T02:18:05.391295
CIB,0.5719,2026-04-30T02:18:05.395898
CIB,0.0516,2026-04-30T02:18:05.400553
CIB,0.4939,2026-04-30T02:18:05.405258
CIB,0.9274,2026-04-30T02:18:05.410040
FAISAL,0.5719,2026-04-30T02:18:06.017599
FAISAL,0.0516,2026-04-30T02:18:06.022791
FAISAL,0.4939,2026-04-30T02:18:06.027465
FAISAL,0.9274,2026-04-30T02:18:06.032223
FAISAL,-0.9231,2026-04-30T02:18:06.036850
FAISAL,0.6705,2026-04-30T02:18:06.041415
FAISAL,0.6486,2026-04-30T02:18:06.046030
FAISAL,0.6361,2026-04-30T02:18:06.050656
HDB,0.5719,2026-04-30T02:18:06.684779
HDB,0.0516,2026-04-30T02:18:06.696769
HDB,0.4939,2026-04-30T02:18:06.701998
HDB,0.9274,2026-04-30T02:18:06.707016
HDB,-0.9231,2026-04-30T02:18:06.712050
HDB,0.6705,2026-04-30T02:18:06.717128
HDB,0.6486,2026-04-30T02:18:06.722068
HDB,0.6361,2026-04-30T02:18:06.727008
ADIB,0.5719,2026-04-30T02:18:07.299790
ADIB,0.0516,2026-04-30T02:18:07.304563
ADIB,0.4939,2026-04-30T02:18:07.309348
ADIB,0.9274,2026-04-30T02:18:07.314123
ADIB,-0.9231,2026-04-30T02:18:07.318810
ADIB,0.6705,2026-04-30T02:18:07.323452
ADIB,0.6486,2026-04-30T02:18:07.328077
ADIB,0.6361,2026-04-30T02:18:07.332772
CIB,-0.296,2026-04-30T02:18:37.924796
CIB,0.0,2026-04-30T02:18:37.935078
CIB,0.0,2026-04-30T02:18:37.940868
CIB,-0.101,2026-04-30T02:18:37.945669
CIB,-0.872,2026-04-30T02:18:37.950327
CIB,-0.5664,2026-04-30T02:18:37.955096
CIB,0.5719,2026-04-30T02:18:37.960336
CIB,0.0516,2026-04-30T02:18:37.965248
CIB,0.4939,2026-04-30T02:18:37.969997
CIB,0.9274,2026-04-30T02:18:37.975112
FAISAL,0.5719,2026-04-30T02:18:38.555057
FAISAL,0.0516,2026-04-30T02:18:38.562411
FAISAL,0.4939,2026-04-30T02:18:38.567180
FAISAL,0.9274,2026-04-30T02:18:38.571982
FAISAL,-0.9231,2026-04-30T02:18:38.576641
FAISAL,0.6705,2026-04-30T02:18:38.581272
FAISAL,0.6486,2026-04-30T02:18:38.585939
FAISAL,0.6361,2026-04-30T02:18:38.591018
HDB,0.5719,2026-04-30T02:18:39.283597
HDB,0.0516,2026-04-30T02:18:39.291651
HDB,0.4939,2026-04-30T02:18:39.296491
HDB,0.9274,2026-04-30T02:18:39.301277
HDB,-0.9231,2026-04-30T02:18:39.306080
HDB,0.6705,2026-04-30T02:18:39.310806
HDB,0.6486,2026-04-30T02:18:39.315364
HDB,0.6361,2026-04-30T02:18:39.320144
ADIB,0.5719,2026-04-30T02:18:39.934725
ADIB,0.0516,2026-04-30T02:18:39.945214
ADIB,0.4939,2026-04-30T02:18:39.952155
ADIB,0.9274,2026-04-30T02:18:39.956861
ADIB,-0.9231,2026-04-30T02:18:39.961507
ADIB,0.6705,2026-04-30T02:18:39.966112
ADIB,0.6486,2026-04-30T02:18:39.970740
ADIB,0.6361,2026-04-30T02:18:39.975612
CIB,-0.296,2026-04-30T02:19:10.573827
CIB,0.0,2026-04-30T02:19:10.579444
CIB,0.0,2026-04-30T02:19:10.584013
CIB,-0.101,2026-04-30T02:19:10.588938
CIB,-0.872,2026-04-30T02:19:10.593784
CIB,-0.5664,2026-04-30T02:19:10.598715
CIB,0.5719,2026-04-30T02:19:10.603570
CIB,0.0516,2026-04-30T02:19:10.608444
CIB,0.4939,2026-04-30T02:19:10.613346
CIB,0.9274,2026-04-30T02:19:10.618413
FAISAL,0.5719,2026-04-30T02:19:11.220494
FAISAL,0.0516,2026-04-30T02:19:11.226152
FAISAL,0.4939,2026-04-30T02:19:11.230970
FAISAL,0.9274,2026-04-30T02:19:11.235769
FAISAL,-0.9231,2026-04-30T02:19:11.240499
FAISAL,0.6705,2026-04-30T02:19:11.245162
FAISAL,0.6486,2026-04-30T02:19:11.249806
FAISAL,0.6361,2026-04-30T02:19:11.254458
HDB,0.5719,2026-04-30T02:19:11.847901
HDB,0.0516,2026-04-30T02:19:11.853107
HDB,0.4939,2026-04-30T02:19:11.858181
HDB,0.9274,2026-04-30T02:19:11.863356
HDB,-0.9231,2026-04-30T02:19:11.868424
HDB,0.6705,2026-04-30T02:19:11.873406
HDB,0.6486,2026-04-30T02:19:11.878365
HDB,0.6361,2026-04-30T02:19:11.883345
ADIB,0.5719,2026-04-30T02:19:12.500518
ADIB,0.0516,2026-04-30T02:19:12.508458
ADIB,0.4939,2026-04-30T02:19:12.513193
ADIB,0.9274,2026-04-30T02:19:12.517976
ADIB,-0.9231,2026-04-30T02:19:12.522584
ADIB,0.6705,2026-04-30T02:19:12.527156
ADIB,0.6486,2026-04-30T02:19:12.531677
ADIB,0.6361,2026-04-30T02:19:12.536272
